학교명,lat,lon,등급
가재울고등학교,37.5743637013203,126.909529666957,2.0
가재울고등학교,37.5743637013203,126.909529666957,2.0
가재울고등학교,37.5743637013203,126.909529666957,2.0
가재울고등학교,37.5743637013203,126.909529666957,2.0
가재울고등학교,37.5743637013203,126.909529666957,2.0
신도림고등학교,37.5140629233737,126.88208378322,2.0
신도림고등학교,37.5140629233737,126.88208378322,2.0
신도림고등학교,37.5140629233737,126.88208378322,2.0
신도림고등학교,37.5140629233737,126.88208378322,2.0
신도림고등학교,37.5140629233737,126.88208378322,2.0
관악고등학교,37.5217916605406,126.88292354628,1.0
관악고등학교,37.5217916605406,126.88292354628,1.0
관악고등학교,37.5217916605406,126.88292354628,1.0
관악고등학교,37.5217916605406,126.88292354628,1.0
관악고등학교,37.5217916605406,126.88292354628,1.0
광운인공지능고등학교,37.6192431974844,127.056540751938,2.0
광운인공지능고등학교,37.6192431974844,127.056540751938,2.0
광운인공지능고등학교,37.6192431974844,127.056540751938,2.0
광운인공지능고등학교,37.6192431974844,127.056540751938,2.0
광운인공지능고등학교,37.6192431974844,127.056540751938,2.0
구현고등학교,37.5022832205782,126.874418207198,1.0
구현고등학교,37.5022832205782,126.874418207198,1.0
구현고등학교,37.5022832205782,126.874418207198,1.0
구현고등학교,37.5022832205782,126.874418207198,1.0
구현고등학교,37.5022832205782,126.874418207198,1.0
영신간호비즈니스고등학교,37.6525485061054,127.08350874514,2.0
영신간호비즈니스고등학교,37.6525485061054,127.08350874514,2.0
영신간호비즈니스고등학교,37.6525485061054,127.08350874514,2.0
영신간호비즈니스고등학교,37.6525485061054,127.08350874514,2.0
영신간호비즈니스고등학교,37.6525485061054,127.08350874514,2.0
덕일전자공업고등학교,37.4905365201163,126.837134461147,2.0
덕일전자공업고등학교,37.4905365201163,126.837134461147,2.0
덕일전자공업고등학교,37.4905365201163,126.837134461147,2.0
덕일전자공업고등학교,37.4905365201163,126.837134461147,2.0
덕일전자공업고등학교,37.4905365201163,126.837134461147,2.0
경기기계공업고등학교,37.6322400488783,127.074928451599,2.0
경기기계공업고등학교,37.6322400488783,127.074928451599,2.0
경기기계공업고등학교,37.6322400488783,127.074928451599,2.0
경기기계공업고등학교,37.6322400488783,127.074928451599,2.0
경기기계공업고등학교,37.6322400488783,127.074928451599,2.0
개포고등학교,37.4850425995284,127.059305485497,1.0
개포고등학교,37.4850425995284,127.059305485497,1.0
개포고등학교,37.4850425995284,127.059305485497,1.0
개포고등학교,37.4850425995284,127.059305485497,1.0
개포고등학교,37.4850425995284,127.059305485497,1.0
서울체육고등학교,37.5223303821085,127.129822552593,0.0
서울체육고등학교,37.5223303821085,127.129822552593,0.0
서울체육고등학교,37.5223303821085,127.129822552593,0.0
서울체육고등학교,37.5223303821085,127.129822552593,0.0
서울체육고등학교,37.5223303821085,127.129822552593,0.0
고명외식고등학교,37.597674141541,127.019187491701,2.0
고명외식고등학교,37.597674141541,127.019187491701,2.0
고명외식고등학교,37.597674141541,127.019187491701,2.0
고명외식고등학교,37.597674141541,127.019187491701,2.0
고명외식고등학교,37.597674141541,127.019187491701,2.0
상암고등학교,37.5813414106022,126.883394497343,2.0
상암고등학교,37.5813414106022,126.883394497343,2.0
상암고등학교,37.5813414106022,126.883394497343,2.0
상암고등학교,37.5813414106022,126.883394497343,2.0
상암고등학교,37.5813414106022,126.883394497343,2.0
인헌고등학교,37.4723107319026,126.970485117895,2.0
인헌고등학교,37.4723107319026,126.970485117895,2.0
인헌고등학교,37.4723107319026,126.970485117895,2.0
인헌고등학교,37.4723107319026,126.970485117895,2.0
인헌고등학교,37.4723107319026,126.970485117895,2.0
경일고등학교,37.5438083798316,127.047853796815,2.0
경일고등학교,37.5438083798316,127.047853796815,1.0
경일고등학교,37.5438083798316,127.047853796815,2.0
경일고등학교,37.5438083798316,127.047853796815,2.0
경일고등학교,37.5438083798316,127.047853796815,1.0
경일고등학교,37.5438083798316,127.047853796815,2.0
경일고등학교,37.5438083798316,127.047853796815,2.0
경일고등학교,37.5438083798316,127.047853796815,1.0
경일고등학교,37.5438083798316,127.047853796815,2.0
경일고등학교,37.5438083798316,127.047853796815,2.0
경일고등학교,37.5438083798316,127.047853796815,1.0
경일고등학교,37.5438083798316,127.047853796815,2.0
경일고등학교,37.5438083798316,127.047853796815,2.0
경일고등학교,37.5438083798316,127.047853796815,1.0
경일고등학교,37.5438083798316,127.047853796815,2.0
서울아이티고등학교,37.6424184430399,127.06244927375,0.0
서울아이티고등학교,37.6424184430399,127.06244927375,0.0
서울아이티고등학교,37.6424184430399,127.06244927375,0.0
서울아이티고등학교,37.6424184430399,127.06244927375,0.0
서울아이티고등학교,37.6424184430399,127.06244927375,0.0
환일고등학교,37.5537559309443,126.962588449936,1.0
환일고등학교,37.5537559309443,126.962588449936,1.0
환일고등학교,37.5537559309443,126.962588449936,1.0
환일고등학교,37.5537559309443,126.962588449936,1.0
환일고등학교,37.5537559309443,126.962588449936,1.0
신현고등학교,37.6052490449627,127.092949934138,1.0
신현고등학교,37.6052490449627,127.092949934138,1.0
신현고등학교,37.6052490449627,127.092949934138,1.0
신현고등학교,37.6052490449627,127.092949934138,1.0
신현고등학교,37.6052490449627,127.092949934138,1.0
서울컨벤션고등학교,37.5592845614915,127.158215928554,2.0
서울컨벤션고등학교,37.5592845614915,127.158215928554,2.0
서울컨벤션고등학교,37.5592845614915,127.158215928554,2.0
서울컨벤션고등학교,37.5592845614915,127.158215928554,2.0
서울컨벤션고등학교,37.5592845614915,127.158215928554,2.0
강서고등학교,37.5363155693554,126.865771125825,1.0
강서고등학교,37.5363155693554,126.865771125825,1.0
강서고등학교,37.5363155693554,126.865771125825,1.0
강서고등학교,37.5363155693554,126.865771125825,1.0
강서고등학교,37.5363155693554,126.865771125825,1.0
하나고등학교,37.6416375903135,126.936930247565,1.0
하나고등학교,37.6416375903135,126.936930247565,1.0
하나고등학교,37.6416375903135,126.936930247565,1.0
하나고등학교,37.6416375903135,126.936930247565,1.0
하나고등학교,37.6416375903135,126.936930247565,1.0
정의여자고등학교,37.6533558400471,127.032427255133,1.0
정의여자고등학교,37.6533558400471,127.032427255133,1.0
정의여자고등학교,37.6533558400471,127.032427255133,1.0
정의여자고등학교,37.6533558400471,127.032427255133,1.0
정의여자고등학교,37.6533558400471,127.032427255133,1.0
덕원예술고등학교,37.5486225773288,126.829024518952,1.0
덕원예술고등학교,37.5486225773288,126.829024518952,1.0
덕원예술고등학교,37.5486225773288,126.829024518952,1.0
덕원예술고등학교,37.5486225773288,126.829024518952,1.0
덕원예술고등학교,37.5486225773288,126.829024518952,1.0
월계고등학교,37.6316734128872,127.048388273455,1.0
월계고등학교,37.6316734128872,127.048388273455,1.0
월계고등학교,37.6316734128872,127.048388273455,1.0
월계고등학교,37.6316734128872,127.048388273455,1.0
월계고등학교,37.6316734128872,127.048388273455,1.0
자운고등학교,37.6590464061269,127.050690661699,2.0
자운고등학교,37.6590464061269,127.050690661699,2.0
자운고등학교,37.6590464061269,127.050690661699,2.0
자운고등학교,37.6590464061269,127.050690661699,2.0
자운고등학교,37.6590464061269,127.050690661699,2.0
남강고등학교,37.4713756726623,126.924909105757,1.0
남강고등학교,37.4713756726623,126.924909105757,1.0
남강고등학교,37.4713756726623,126.924909105757,1.0
남강고등학교,37.4713756726623,126.924909105757,1.0
남강고등학교,37.4713756726623,126.924909105757,1.0
명덕여자고등학교,37.5538694849081,126.8339773378,1.0
명덕여자고등학교,37.5538694849081,126.8339773378,1.0
명덕여자고등학교,37.5538694849081,126.8339773378,1.0
명덕여자고등학교,37.5538694849081,126.8339773378,1.0
명덕여자고등학교,37.5538694849081,126.8339773378,1.0
경신고등학교,37.5922022663657,126.999531005507,1.0
경신고등학교,37.5922022663657,126.999531005507,1.0
경신고등학교,37.5922022663657,126.999531005507,1.0
경신고등학교,37.5922022663657,126.999531005507,1.0
경신고등학교,37.5922022663657,126.999531005507,1.0
경신고등학교,37.5922022663657,126.999531005507,1.0
경신고등학교,37.5922022663657,126.999531005507,1.0
경신고등학교,37.5922022663657,126.999531005507,1.0
경신고등학교,37.5922022663657,126.999531005507,0.0
경신고등학교,37.5922022663657,126.999531005507,1.0
경기고등학교,37.517564539911,127.056075505663,1.0
경기고등학교,37.517564539911,127.056075505663,1.0
경기고등학교,37.517564539911,127.056075505663,1.0
경기고등학교,37.517564539911,127.056075505663,1.0
경기고등학교,37.517564539911,127.056075505663,1.0
염광메디텍고등학교,37.6302844506448,127.049264552091,2.0
염광메디텍고등학교,37.6302844506448,127.049264552091,2.0
염광메디텍고등학교,37.6302844506448,127.049264552091,2.0
염광메디텍고등학교,37.6302844506448,127.049264552091,2.0
염광메디텍고등학교,37.6302844506448,127.049264552091,2.0
광신고등학교,37.4644762024804,126.925940565455,1.0
광신고등학교,37.4644762024804,126.925940565455,1.0
광신고등학교,37.4644762024804,126.925940565455,1.0
광신고등학교,37.4644762024804,126.925940565455,1.0
광신고등학교,37.4644762024804,126.925940565455,1.0
정신여자고등학교,37.5094538398143,127.073847329188,1.0
정신여자고등학교,37.5094538398143,127.073847329188,1.0
정신여자고등학교,37.5094538398143,127.073847329188,1.0
정신여자고등학교,37.5094538398143,127.073847329188,1.0
정신여자고등학교,37.5094538398143,127.073847329188,1.0
덕원여자고등학교,37.5486225773288,126.829024518952,2.0
덕원여자고등학교,37.5486225773288,126.829024518952,2.0
덕원여자고등학교,37.5486225773288,126.829024518952,2.0
덕원여자고등학교,37.5486225773288,126.829024518952,2.0
덕원여자고등학교,37.5486225773288,126.829024518952,2.0
서울여자상업고등학교,37.4729045674501,126.950918062755,2.0
서울여자상업고등학교,37.4729045674501,126.950918062755,2.0
서울여자상업고등학교,37.4729045674501,126.950918062755,2.0
서울여자상업고등학교,37.4729045674501,126.950918062755,2.0
서울여자상업고등학교,37.4729045674501,126.950918062755,2.0
서울웹툰애니메이션고등학교,37.4694909673091,126.988245947982,2.0
서울웹툰애니메이션고등학교,37.4694909673091,126.988245947982,2.0
서울웹툰애니메이션고등학교,37.4694909673091,126.988245947982,2.0
서울웹툰애니메이션고등학교,37.4694909673091,126.988245947982,2.0
서울웹툰애니메이션고등학교,37.4694909673091,126.988245947982,2.0
광영고등학교,37.5371981027922,126.823275879439,1.0
광영고등학교,37.5371981027922,126.823275879439,1.0
광영고등학교,37.5371981027922,126.823275879439,1.0
광영고등학교,37.5371981027922,126.823275879439,1.0
광영고등학교,37.5371981027922,126.823275879439,1.0
광영고등학교,37.5371981027922,126.823275879439,1.0
광영고등학교,37.5371981027922,126.823275879439,1.0
광영고등학교,37.5371981027922,126.823275879439,1.0
광영고등학교,37.5371981027922,126.823275879439,1.0
광영고등학교,37.5371981027922,126.823275879439,1.0
둔촌고등학교,37.531432583881,127.143808707936,2.0
둔촌고등학교,37.531432583881,127.143808707936,2.0
둔촌고등학교,37.531432583881,127.143808707936,2.0
둔촌고등학교,37.531432583881,127.143808707936,2.0
둔촌고등학교,37.531432583881,127.143808707936,2.0
태릉고등학교,37.6189925408244,127.085819844147,2.0
태릉고등학교,37.6189925408244,127.085819844147,2.0
태릉고등학교,37.6189925408244,127.085819844147,2.0
태릉고등학교,37.6189925408244,127.085819844147,2.0
태릉고등학교,37.6189925408244,127.085819844147,2.0
서울매그넷고등학교,37.4519206711218,126.915824008297,2.0
서울매그넷고등학교,37.4519206711218,126.915824008297,2.0
서울매그넷고등학교,37.4519206711218,126.915824008297,2.0
서울매그넷고등학교,37.4519206711218,126.915824008297,2.0
서울매그넷고등학교,37.4519206711218,126.915824008297,2.0
서울문영여자고등학교,37.4729045674501,126.950918062755,1.0
서울문영여자고등학교,37.4729045674501,126.950918062755,1.0
서울문영여자고등학교,37.4729045674501,126.950918062755,1.0
서울문영여자고등학교,37.4729045674501,126.950918062755,1.0
서울문영여자고등학교,37.4729045674501,126.950918062755,1.0
염광고등학교,37.6302844506448,127.049264552091,1.0
염광고등학교,37.6302844506448,127.049264552091,1.0
염광고등학교,37.6302844506448,127.049264552091,1.0
염광고등학교,37.6302844506448,127.049264552091,1.0
염광고등학교,37.6302844506448,127.049264552091,1.0
한성과학고등학교,37.57543616578,126.952370943937,1.0
한성과학고등학교,37.57543616578,126.952370943937,1.0
한성과학고등학교,37.57543616578,126.952370943937,1.0
한성과학고등학교,37.57543616578,126.952370943937,1.0
한성과학고등학교,37.57543616578,126.952370943937,1.0
광문고등학교,37.5604616297792,127.158546528744,1.0
광문고등학교,37.5604616297792,127.158546528744,1.0
광문고등학교,37.5604616297792,127.158546528744,1.0
광문고등학교,37.5604616297792,127.158546528744,1.0
광문고등학교,37.5604616297792,127.158546528744,1.0
광문고등학교,37.5604616297792,127.158546528744,1.0
광문고등학교,37.5604616297792,127.158546528744,1.0
광문고등학교,37.5604616297792,127.158546528744,1.0
광문고등학교,37.5604616297792,127.158546528744,1.0
광문고등학교,37.5604616297792,127.158546528744,1.0
선화예술고등학교,37.5509798002896,127.087095159462,1.0
선화예술고등학교,37.5509798002896,127.087095159462,1.0
선화예술고등학교,37.5509798002896,127.087095159462,1.0
선화예술고등학교,37.5509798002896,127.087095159462,1.0
선화예술고등학교,37.5509798002896,127.087095159462,1.0
선사고등학교,37.5563158751807,127.13577562154,1.0
선사고등학교,37.5563158751807,127.13577562154,1.0
선사고등학교,37.5563158751807,127.13577562154,1.0
선사고등학교,37.5563158751807,127.13577562154,1.0
선사고등학교,37.5563158751807,127.13577562154,1.0
대일외국어고등학교,37.6133045933527,127.014175970968,1.0
대일외국어고등학교,37.6133045933527,127.014175970968,1.0
대일외국어고등학교,37.6133045933527,127.014175970968,1.0
대일외국어고등학교,37.6133045933527,127.014175970968,1.0
대일외국어고등학교,37.6133045933527,127.014175970968,1.0
영동일고등학교,37.5099746522433,127.089443727735,1.0
영동일고등학교,37.5099746522433,127.089443727735,1.0
영동일고등학교,37.5099746522433,127.089443727735,1.0
영동일고등학교,37.5099746522433,127.089443727735,1.0
영동일고등학교,37.5099746522433,127.089443727735,1.0
목동고등학교,37.5092159752312,126.86019842592,1.0
목동고등학교,37.5092159752312,126.86019842592,1.0
목동고등학교,37.5092159752312,126.86019842592,1.0
목동고등학교,37.5092159752312,126.86019842592,1.0
목동고등학교,37.5092159752312,126.86019842592,1.0
용산고등학교,37.5458673821179,126.980327669219,1.0
용산고등학교,37.5458673821179,126.980327669219,1.0
용산고등학교,37.5458673821179,126.980327669219,1.0
용산고등학교,37.5458673821179,126.980327669219,0.0
용산고등학교,37.5458673821179,126.980327669219,0.0
진선여자고등학교,37.5023028920315,127.048286565491,0.0
진선여자고등학교,37.5023028920315,127.048286565491,0.0
진선여자고등학교,37.5023028920315,127.048286565491,0.0
진선여자고등학교,37.5023028920315,127.048286565491,0.0
진선여자고등학교,37.5023028920315,127.048286565491,0.0
서울디지텍고등학교,37.5389694235589,126.990617730566,2.0
서울디지텍고등학교,37.5389694235589,126.990617730566,2.0
서울디지텍고등학교,37.5389694235589,126.990617730566,2.0
서울디지텍고등학교,37.5389694235589,126.990617730566,2.0
서울디지텍고등학교,37.5389694235589,126.990617730566,2.0
성동공업고등학교,37.5693631529572,127.017281730243,1.0
성동공업고등학교,37.5693631529572,127.017281730243,1.0
성동공업고등학교,37.5693631529572,127.017281730243,1.0
성동공업고등학교,37.5693631529572,127.017281730243,1.0
성동공업고등학교,37.5693631529572,127.017281730243,1.0
무학여자고등학교,37.5576263308862,127.033880902274,1.0
무학여자고등학교,37.5576263308862,127.033880902274,1.0
무학여자고등학교,37.5576263308862,127.033880902274,1.0
무학여자고등학교,37.5576263308862,127.033880902274,1.0
무학여자고등학교,37.5576263308862,127.033880902274,1.0
세종과학고등학교,37.4975693967975,126.827351739435,1.0
세종과학고등학교,37.4975693967975,126.827351739435,1.0
세종과학고등학교,37.4975693967975,126.827351739435,1.0
세종과학고등학교,37.4975693967975,126.827351739435,1.0
세종과학고등학교,37.4975693967975,126.827351739435,1.0
한세사이버보안고등학교,37.5517396875369,126.952136379582,2.0
한세사이버보안고등학교,37.5517396875369,126.952136379582,2.0
한세사이버보안고등학교,37.5517396875369,126.952136379582,2.0
한세사이버보안고등학교,37.5517396875369,126.952136379582,2.0
한세사이버보안고등학교,37.5517396875369,126.952136379582,2.0
오산고등학교,37.5235805097988,127.000887240982,1.0
오산고등학교,37.5235805097988,127.000887240982,1.0
오산고등학교,37.5235805097988,127.000887240982,1.0
오산고등학교,37.5235805097988,127.000887240982,1.0
오산고등학교,37.5235805097988,127.000887240982,1.0
오산고등학교,37.5235805097988,127.000887240982,1.0
오산고등학교,37.5235805097988,127.000887240982,1.0
오산고등학교,37.5235805097988,127.000887240982,1.0
오산고등학교,37.5235805097988,127.000887240982,1.0
오산고등학교,37.5235805097988,127.000887240982,1.0
배명고등학교,37.4976894981876,127.095811765574,1.0
배명고등학교,37.4976894981876,127.095811765574,1.0
배명고등학교,37.4976894981876,127.095811765574,1.0
배명고등학교,37.4976894981876,127.095811765574,1.0
배명고등학교,37.4976894981876,127.095811765574,1.0
인덕과학기술고등학교,37.6302514486494,127.054448642206,2.0
인덕과학기술고등학교,37.6302514486494,127.054448642206,2.0
인덕과학기술고등학교,37.6302514486494,127.054448642206,2.0
인덕과학기술고등학교,37.6302514486494,127.054448642206,2.0
인덕과학기술고등학교,37.6302514486494,127.054448642206,2.0
한영외국어고등학교,37.5490844724681,127.156927612469,1.0
한영외국어고등학교,37.5490844724681,127.156927612469,1.0
한영외국어고등학교,37.5490844724681,127.156927612469,1.0
한영외국어고등학교,37.5490844724681,127.156927612469,1.0
한영외국어고등학교,37.5490844724681,127.156927612469,1.0
중앙고등학교,37.5837882231459,126.987472622092,1.0
중앙고등학교,37.5837882231459,126.987472622092,1.0
중앙고등학교,37.5837882231459,126.987472622092,1.0
중앙고등학교,37.5837882231459,126.987472622092,1.0
중앙고등학교,37.5837882231459,126.987472622092,1.0
광양고등학교,37.529378916523,127.085182284683,2.0
광양고등학교,37.529378916523,127.085182284683,2.0
광양고등학교,37.529378916523,127.085182284683,2.0
광양고등학교,37.529378916523,127.085182284683,2.0
광양고등학교,37.529378916523,127.085182284683,2.0
광양고등학교,37.529378916523,127.085182284683,2.0
광양고등학교,37.529378916523,127.085182284683,2.0
광양고등학교,37.529378916523,127.085182284683,2.0
광양고등학교,37.529378916523,127.085182284683,2.0
광양고등학교,37.529378916523,127.085182284683,2.0
선유고등학교,37.5339016190568,126.894850696134,2.0
선유고등학교,37.5339016190568,126.894850696134,2.0
선유고등학교,37.5339016190568,126.894850696134,2.0
선유고등학교,37.5339016190568,126.894850696134,2.0
선유고등학교,37.5339016190568,126.894850696134,2.0
선정고등학교,37.6187045126614,126.909031611714,0.0
선정고등학교,37.6187045126614,126.909031611714,0.0
선정고등학교,37.6187045126614,126.909031611714,0.0
선정고등학교,37.6187045126614,126.909031611714,0.0
선정고등학교,37.6187045126614,126.909031611714,0.0
홍익디자인고등학교,37.563510635781,126.919166278819,2.0
홍익디자인고등학교,37.563510635781,126.919166278819,2.0
홍익디자인고등학교,37.563510635781,126.919166278819,2.0
홍익디자인고등학교,37.563510635781,126.919166278819,2.0
홍익디자인고등학교,37.563510635781,126.919166278819,2.0
홍익디자인고등학교,37.563510635781,126.919166278819,2.0
홍익디자인고등학교,37.563510635781,126.919166278819,2.0
홍익디자인고등학교,37.563510635781,126.919166278819,2.0
홍익디자인고등학교,37.563510635781,126.919166278819,2.0
홍익디자인고등학교,37.563510635781,126.919166278819,2.0
영파여자고등학교,37.5327371486645,127.119740221132,1.0
영파여자고등학교,37.5327371486645,127.119740221132,1.0
영파여자고등학교,37.5327371486645,127.119740221132,1.0
영파여자고등학교,37.5327371486645,127.119740221132,1.0
영파여자고등학교,37.5327371486645,127.119740221132,1.0
충암고등학교,37.5846402882465,126.921809482886,1.0
충암고등학교,37.5846402882465,126.921809482886,1.0
충암고등학교,37.5846402882465,126.921809482886,1.0
충암고등학교,37.5846402882465,126.921809482886,1.0
충암고등학교,37.5846402882465,126.921809482886,1.0
잠일고등학교,37.5145543759031,127.082367731592,1.0
잠일고등학교,37.5145543759031,127.082367731592,1.0
잠일고등학교,37.5145543759031,127.082367731592,1.0
잠일고등학교,37.5145543759031,127.082367731592,1.0
잠일고등학교,37.5145543759031,127.082367731592,1.0
대원외국어고등학교,37.5624502219725,127.089376716312,1.0
대원외국어고등학교,37.5624502219725,127.089376716312,1.0
대원외국어고등학교,37.5624502219725,127.089376716312,1.0
대원외국어고등학교,37.5624502219725,127.089376716312,1.0
대원외국어고등학교,37.5624502219725,127.089376716312,1.0
서울국제고등학교,37.5917911485864,126.995490680124,1.0
서울국제고등학교,37.5917911485864,126.995490680124,1.0
서울국제고등학교,37.5917911485864,126.995490680124,1.0
서울국제고등학교,37.5917911485864,126.995490680124,1.0
서울국제고등학교,37.5917911485864,126.995490680124,1.0
혜화여자고등학교,37.6313084157842,127.013212021303,2.0
혜화여자고등학교,37.6313084157842,127.013212021303,2.0
혜화여자고등학교,37.6313084157842,127.013212021303,2.0
혜화여자고등학교,37.6313084157842,127.013212021303,2.0
혜화여자고등학교,37.6313084157842,127.013212021303,2.0
혜화여자고등학교,37.6313084157842,127.013212021303,2.0
혜화여자고등학교,37.6313084157842,127.013212021303,2.0
혜화여자고등학교,37.6313084157842,127.013212021303,2.0
혜화여자고등학교,37.6313084157842,127.013212021303,2.0
혜화여자고등학교,37.6313084157842,127.013212021303,2.0
경인고등학교,37.4959926823743,126.86542887783,2.0
경인고등학교,37.4959926823743,126.86542887783,2.0
경인고등학교,37.4959926823743,126.86542887783,2.0
경인고등학교,37.4959926823743,126.86542887783,2.0
경인고등학교,37.4959926823743,126.86542887783,2.0
신림고등학교,37.4792104943499,126.916967177377,2.0
신림고등학교,37.4792104943499,126.916967177377,2.0
신림고등학교,37.4792104943499,126.916967177377,2.0
신림고등학교,37.4792104943499,126.916967177377,2.0
신림고등학교,37.4792104943499,126.916967177377,2.0
서울과학고등학교,37.5915480465968,126.998436321282,1.0
서울과학고등학교,37.5915480465968,126.998436321282,1.0
서울과학고등학교,37.5915480465968,126.998436321282,1.0
서울과학고등학교,37.5915480465968,126.998436321282,1.0
서울과학고등학교,37.5915480465968,126.998436321282,1.0
독산고등학교,37.4762187185354,126.910939635513,2.0
독산고등학교,37.4762187185354,126.910939635513,2.0
독산고등학교,37.4762187185354,126.910939635513,2.0
독산고등학교,37.4762187185354,126.910939635513,2.0
독산고등학교,37.4762187185354,126.910939635513,2.0
단국대학교부속소프트웨어고등학교,37.4956174948977,127.057768228297,2.0
단국대학교부속소프트웨어고등학교,37.4956174948977,127.057768228297,2.0
단국대학교부속소프트웨어고등학교,37.4956174948977,127.057768228297,2.0
단국대학교부속소프트웨어고등학교,37.4956174948977,127.057768228297,2.0
단국대학교부속소프트웨어고등학교,37.4956174948977,127.057768228297,2.0
덕성여자고등학교,37.5777608153459,126.983558137257,1.0
덕성여자고등학교,37.5777608153459,126.983558137257,1.0
덕성여자고등학교,37.5777608153459,126.983558137257,1.0
덕성여자고등학교,37.5777608153459,126.983558137257,1.0
덕성여자고등학교,37.5777608153459,126.983558137257,1.0
오금고등학교,37.5045321738186,127.128968951167,2.0
오금고등학교,37.5045321738186,127.128968951167,2.0
오금고등학교,37.5045321738186,127.128968951167,2.0
오금고등학교,37.5045321738186,127.128968951167,2.0
오금고등학교,37.5045321738186,127.128968951167,2.0
배재고등학교,37.5550559824557,127.150160525237,1.0
배재고등학교,37.5550559824557,127.150160525237,1.0
배재고등학교,37.5550559824557,127.150160525237,1.0
배재고등학교,37.5550559824557,127.150160525237,1.0
배재고등학교,37.5550559824557,127.150160525237,1.0
선일여자고등학교,37.6203042094228,126.911993073275,1.0
선일여자고등학교,37.6203042094228,126.911993073275,0.0
선일여자고등학교,37.6203042094228,126.911993073275,0.0
선일여자고등학교,37.6203042094228,126.911993073275,0.0
선일여자고등학교,37.6203042094228,126.911993073275,0.0
서울고등학교,37.4842930566875,127.004901860862,1.0
서울고등학교,37.4842930566875,127.004901860862,1.0
서울고등학교,37.4842930566875,127.004901860862,1.0
서울고등학교,37.4842930566875,127.004901860862,1.0
서울고등학교,37.4842930566875,127.004901860862,1.0
문정고등학교,37.4851784987927,127.126692082604,1.0
문정고등학교,37.4851784987927,127.126692082604,0.0
문정고등학교,37.4851784987927,127.126692082604,0.0
문정고등학교,37.4851784987927,127.126692082604,0.0
문정고등학교,37.4851784987927,127.126692082604,0.0
휘문고등학교,37.5052894535671,127.061993880621,1.0
휘문고등학교,37.5052894535671,127.061993880621,1.0
휘문고등학교,37.5052894535671,127.061993880621,1.0
휘문고등학교,37.5052894535671,127.061993880621,1.0
휘문고등학교,37.5052894535671,127.061993880621,1.0
경희고등학교,37.5939491407769,127.054890960564,1.0
경희고등학교,37.5939491407769,127.054890960564,1.0
경희고등학교,37.5939491407769,127.054890960564,1.0
경희고등학교,37.5939491407769,127.054890960564,1.0
경희고등학교,37.5939491407769,127.054890960564,1.0
서울공업고등학교,37.5019012578828,126.922363030415,2.0
서울공업고등학교,37.5019012578828,126.922363030415,2.0
서울공업고등학교,37.5019012578828,126.922363030415,2.0
서울공업고등학교,37.5019012578828,126.922363030415,2.0
서울공업고등학교,37.5019012578828,126.922363030415,2.0
신목고등학교,37.512909431854,126.873606945101,1.0
신목고등학교,37.512909431854,126.873606945101,1.0
신목고등학교,37.512909431854,126.873606945101,1.0
신목고등학교,37.512909431854,126.873606945101,1.0
신목고등학교,37.512909431854,126.873606945101,1.0
이화여자대학교병설미디어고등학교,37.6031323992803,127.105332396209,2.0
이화여자대학교병설미디어고등학교,37.6031323992803,127.105332396209,0.0
이화여자대학교병설미디어고등학교,37.6031323992803,127.105332396209,0.0
이화여자대학교병설미디어고등학교,37.6031323992803,127.105332396209,0.0
이화여자대학교병설미디어고등학교,37.6031323992803,127.105332396209,0.0
은평고등학교,37.6091520473272,126.905808015137,1.0
은평고등학교,37.6091520473272,126.905808015137,1.0
은평고등학교,37.6091520473272,126.905808015137,1.0
은평고등학교,37.6091520473272,126.905808015137,1.0
은평고등학교,37.6091520473272,126.905808015137,1.0
서일문화예술고등학교,37.579364496797,127.012786339408,2.0
서일문화예술고등학교,37.579364496797,127.012786339408,2.0
서일문화예술고등학교,37.579364496797,127.012786339408,2.0
서일문화예술고등학교,37.579364496797,127.012786339408,2.0
서일문화예술고등학교,37.579364496797,127.012786339408,2.0
용문고등학교,37.5886903262008,127.024660795253,0.0
용문고등학교,37.5886903262008,127.024660795253,0.0
용문고등학교,37.5886903262008,127.024660795253,0.0
용문고등학교,37.5886903262008,127.024660795253,0.0
용문고등학교,37.5886903262008,127.024660795253,0.0
용문고등학교,37.5886903262008,127.024660795253,0.0
용문고등학교,37.5886903262008,127.024660795253,0.0
용문고등학교,37.5886903262008,127.024660795253,0.0
용문고등학교,37.5886903262008,127.024660795253,0.0
용문고등학교,37.5886903262008,127.024660795253,0.0
반포고등학교,37.5027027335348,127.016510661972,1.0
반포고등학교,37.5027027335348,127.016510661972,1.0
반포고등학교,37.5027027335348,127.016510661972,1.0
반포고등학교,37.5027027335348,127.016510661972,1.0
반포고등학교,37.5027027335348,127.016510661972,1.0
동국대학교사범대학부속고등학교,37.5780471818476,127.075133018965,1.0
동국대학교사범대학부속고등학교,37.5780471818476,127.075133018965,1.0
동국대학교사범대학부속고등학교,37.5780471818476,127.075133018965,1.0
동국대학교사범대학부속고등학교,37.5780471818476,127.075133018965,1.0
동국대학교사범대학부속고등학교,37.5780471818476,127.075133018965,1.0
보성고등학교,37.5200898870034,127.135729296295,1.0
보성고등학교,37.5200898870034,127.135729296295,1.0
보성고등학교,37.5200898870034,127.135729296295,1.0
보성고등학교,37.5200898870034,127.135729296295,1.0
보성고등학교,37.5200898870034,127.135729296295,1.0
보성고등학교,37.5200898870034,127.135729296295,1.0
보성고등학교,37.5200898870034,127.135729296295,1.0
보성고등학교,37.5200898870034,127.135729296295,1.0
보성고등학교,37.5200898870034,127.135729296295,1.0
보성고등학교,37.5200898870034,127.135729296295,1.0
우신고등학교,37.4949023087281,126.826353599765,1.0
우신고등학교,37.4949023087281,126.826353599765,1.0
우신고등학교,37.4949023087281,126.826353599765,1.0
우신고등학교,37.4949023087281,126.826353599765,1.0
우신고등학교,37.4949023087281,126.826353599765,1.0
우신고등학교,37.4949023087281,126.826353599765,1.0
우신고등학교,37.4949023087281,126.826353599765,1.0
우신고등학교,37.4949023087281,126.826353599765,1.0
우신고등학교,37.4949023087281,126.826353599765,1.0
우신고등학교,37.4949023087281,126.826353599765,1.0
면목고등학교,37.5846634085871,127.097270640409,1.0
면목고등학교,37.5846634085871,127.097270640409,1.0
면목고등학교,37.5846634085871,127.097270640409,1.0
면목고등학교,37.5846634085871,127.097270640409,1.0
면목고등학교,37.5846634085871,127.097270640409,1.0
서울세종고등학교,37.4903893469638,127.102796812957,1.0
서울세종고등학교,37.4903893469638,127.102796812957,1.0
서울세종고등학교,37.4903893469638,127.102796812957,1.0
서울세종고등학교,37.4903893469638,127.102796812957,1.0
서울세종고등학교,37.4903893469638,127.102796812957,1.0
용화여자고등학교,37.6591313767305,127.058280693098,1.0
용화여자고등학교,37.6591313767305,127.058280693098,1.0
용화여자고등학교,37.6591313767305,127.058280693098,0.0
용화여자고등학교,37.6591313767305,127.058280693098,0.0
용화여자고등학교,37.6591313767305,127.058280693098,0.0
한가람고등학교,37.5374620404618,126.88400754353,0.0
한가람고등학교,37.5374620404618,126.88400754353,0.0
한가람고등학교,37.5374620404618,126.88400754353,1.0
한가람고등학교,37.5374620404618,126.88400754353,1.0
한가람고등학교,37.5374620404618,126.88400754353,1.0
장충고등학교,37.5535149002283,127.006414953028,2.0
장충고등학교,37.5535149002283,127.006414953028,2.0
장충고등학교,37.5535149002283,127.006414953028,2.0
장충고등학교,37.5535149002283,127.006414953028,2.0
장충고등학교,37.5535149002283,127.006414953028,2.0
여의도여자고등학교,37.5229539211231,126.934857399184,1.0
여의도여자고등학교,37.5229539211231,126.934857399184,1.0
여의도여자고등학교,37.5229539211231,126.934857399184,1.0
여의도여자고등학교,37.5229539211231,126.934857399184,1.0
여의도여자고등학교,37.5229539211231,126.934857399184,1.0
숙명여자고등학교,37.4914753613052,127.052612582715,0.0
숙명여자고등학교,37.4914753613052,127.052612582715,0.0
숙명여자고등학교,37.4914753613052,127.052612582715,0.0
숙명여자고등학교,37.4914753613052,127.052612582715,0.0
숙명여자고등학교,37.4914753613052,127.052612582715,0.0
동국대학교사범대학부속여자고등학교,37.5419293578309,127.086973061678,1.0
동국대학교사범대학부속여자고등학교,37.5419293578309,127.086973061678,1.0
동국대학교사범대학부속여자고등학교,37.5419293578309,127.086973061678,1.0
동국대학교사범대학부속여자고등학교,37.5419293578309,127.086973061678,1.0
동국대학교사범대학부속여자고등학교,37.5419293578309,127.086973061678,1.0
선정국제관광고등학교,37.6187045126614,126.909031611714,2.0
선정국제관광고등학교,37.6187045126614,126.909031611714,2.0
선정국제관광고등학교,37.6187045126614,126.909031611714,2.0
선정국제관광고등학교,37.6187045126614,126.909031611714,2.0
선정국제관광고등학교,37.6187045126614,126.909031611714,2.0
송곡관광고등학교,37.6066890425626,127.105145451077,2.0
송곡관광고등학교,37.6066890425626,127.105145451077,2.0
송곡관광고등학교,37.6066890425626,127.105145451077,2.0
송곡관광고등학교,37.6066890425626,127.105145451077,2.0
송곡관광고등학교,37.6066890425626,127.105145451077,2.0
누원고등학교,37.6855689580624,127.049932683549,2.0
누원고등학교,37.6855689580624,127.049932683549,2.0
누원고등학교,37.6855689580624,127.049932683549,2.0
누원고등학교,37.6855689580624,127.049932683549,2.0
누원고등학교,37.6855689580624,127.049932683549,2.0
선린인터넷고등학교,37.5427698351486,126.966038693159,1.0
선린인터넷고등학교,37.5427698351486,126.966038693159,1.0
선린인터넷고등학교,37.5427698351486,126.966038693159,1.0
선린인터넷고등학교,37.5427698351486,126.966038693159,1.0
선린인터넷고등학교,37.5427698351486,126.966038693159,1.0
경동고등학교,37.5859418116443,127.01457927632,1.0
경동고등학교,37.5859418116443,127.01457927632,1.0
경동고등학교,37.5859418116443,127.01457927632,1.0
경동고등학교,37.5859418116443,127.01457927632,1.0
경동고등학교,37.5859418116443,127.01457927632,1.0
상명고등학교,37.649540794927,127.067701313205,1.0
상명고등학교,37.649540794927,127.067701313205,1.0
상명고등학교,37.649540794927,127.067701313205,1.0
상명고등학교,37.649540794927,127.067701313205,1.0
상명고등학교,37.649540794927,127.067701313205,1.0
영락고등학교,37.476541242971,126.945416499639,1.0
영락고등학교,37.476541242971,126.945416499639,1.0
영락고등학교,37.476541242971,126.945416499639,1.0
영락고등학교,37.476541242971,126.945416499639,1.0
영락고등학교,37.476541242971,126.945416499639,1.0
한성고등학교,37.559096439531,126.954456481223,1.0
한성고등학교,37.559096439531,126.954456481223,1.0
한성고등학교,37.559096439531,126.954456481223,1.0
한성고등학교,37.559096439531,126.954456481223,1.0
한성고등학교,37.559096439531,126.954456481223,1.0
예림디자인고등학교,37.5003550678039,126.827683012604,2.0
예림디자인고등학교,37.5003550678039,126.827683012604,2.0
예림디자인고등학교,37.5003550678039,126.827683012604,2.0
예림디자인고등학교,37.5003550678039,126.827683012604,2.0
예림디자인고등학교,37.5003550678039,126.827683012604,2.0
홍익대학교사범대학부속여자고등학교,37.559665162458,126.912928685692,1.0
홍익대학교사범대학부속여자고등학교,37.559665162458,126.912928685692,1.0
홍익대학교사범대학부속여자고등학교,37.559665162458,126.912928685692,1.0
홍익대학교사범대학부속여자고등학교,37.559665162458,126.912928685692,1.0
홍익대학교사범대학부속여자고등학교,37.559665162458,126.912928685692,1.0
상문고등학교,37.4797554325594,127.003916819634,1.0
상문고등학교,37.4797554325594,127.003916819634,1.0
상문고등학교,37.4797554325594,127.003916819634,1.0
상문고등학교,37.4797554325594,127.003916819634,1.0
상문고등학교,37.4797554325594,127.003916819634,1.0
삼성고등학교,37.469107701859,126.944010788599,1.0
삼성고등학교,37.469107701859,126.944010788599,1.0
삼성고등학교,37.469107701859,126.944010788599,1.0
삼성고등학교,37.469107701859,126.944010788599,1.0
삼성고등학교,37.469107701859,126.944010788599,1.0
예일디자인고등학교,37.6109458980893,126.914792838283,2.0
예일디자인고등학교,37.6109458980893,126.914792838283,2.0
예일디자인고등학교,37.6109458980893,126.914792838283,2.0
예일디자인고등학교,37.6109458980893,126.914792838283,2.0
예일디자인고등학교,37.6109458980893,126.914792838283,2.0
창덕여자고등학교,37.5162747389886,127.140230435212,1.0
창덕여자고등학교,37.5162747389886,127.140230435212,1.0
창덕여자고등학교,37.5162747389886,127.140230435212,1.0
창덕여자고등학교,37.5162747389886,127.140230435212,1.0
창덕여자고등학교,37.5162747389886,127.140230435212,1.0
해성여자고등학교,37.5818725994505,127.056976879173,1.0
해성여자고등학교,37.5818725994505,127.056976879173,1.0
해성여자고등학교,37.5818725994505,127.056976879173,1.0
해성여자고등학교,37.5818725994505,127.056976879173,1.0
해성여자고등학교,37.5818725994505,127.056976879173,1.0
성동글로벌경영고등학교,37.5658547150955,127.0135246262,2.0
성동글로벌경영고등학교,37.5658547150955,127.0135246262,2.0
성동글로벌경영고등학교,37.5658547150955,127.0135246262,2.0
성동글로벌경영고등학교,37.5658547150955,127.0135246262,2.0
성동글로벌경영고등학교,37.5658547150955,127.0135246262,2.0
중동고등학교,37.4937134106081,127.080660058176,1.0
중동고등학교,37.4937134106081,127.080660058176,1.0
중동고등학교,37.4937134106081,127.080660058176,1.0
중동고등학교,37.4937134106081,127.080660058176,1.0
중동고등학교,37.4937134106081,127.080660058176,1.0
영신여자고등학교,37.6525485061054,127.08350874514,1.0
영신여자고등학교,37.6525485061054,127.08350874514,1.0
영신여자고등학교,37.6525485061054,127.08350874514,1.0
영신여자고등학교,37.6525485061054,127.08350874514,1.0
영신여자고등학교,37.6525485061054,127.08350874514,1.0
영신여자고등학교,37.6525485061054,127.08350874514,1.0
영신여자고등학교,37.6525485061054,127.08350874514,1.0
영신여자고등학교,37.6525485061054,127.08350874514,1.0
영신여자고등학교,37.6525485061054,127.08350874514,1.0
영신여자고등학교,37.6525485061054,127.08350874514,1.0
화곡고등학교,37.547936112544,126.831535677751,1.0
화곡고등학교,37.547936112544,126.831535677751,1.0
화곡고등학교,37.547936112544,126.831535677751,1.0
화곡고등학교,37.547936112544,126.831535677751,1.0
화곡고등학교,37.547936112544,126.831535677751,1.0
고려대학교사범대학부속고등학교,37.6080476933587,127.002616144531,1.0
고려대학교사범대학부속고등학교,37.6080476933587,127.002616144531,1.0
고려대학교사범대학부속고등학교,37.6080476933587,127.002616144531,1.0
고려대학교사범대학부속고등학교,37.6080476933587,127.002616144531,1.0
고려대학교사범대학부속고등학교,37.6080476933587,127.002616144531,1.0
국립전통예술고등학교,37.4463710473917,126.906462134788,1.0
국립전통예술고등학교,37.4463710473917,126.906462134788,1.0
국립전통예술고등학교,37.4463710473917,126.906462134788,1.0
국립전통예술고등학교,37.4463710473917,126.906462134788,1.0
국립전통예술고등학교,37.4463710473917,126.906462134788,1.0
불암고등학교,37.6491585296421,127.080305829512,1.0
불암고등학교,37.6491585296421,127.080305829512,1.0
불암고등학교,37.6491585296421,127.080305829512,1.0
불암고등학교,37.6491585296421,127.080305829512,1.0
불암고등학교,37.6491585296421,127.080305829512,1.0
서울관광고등학교,37.4878154195732,126.943760849751,2.0
서울관광고등학교,37.4878154195732,126.943760849751,2.0
서울관광고등학교,37.4878154195732,126.943760849751,2.0
서울관광고등학교,37.4878154195732,126.943760849751,2.0
서울관광고등학교,37.4878154195732,126.943760849751,2.0
한양공업고등학교,37.5658716036039,127.011443307588,2.0
한양공업고등학교,37.5658716036039,127.011443307588,2.0
한양공업고등학교,37.5658716036039,127.011443307588,2.0
한양공업고등학교,37.5658716036039,127.011443307588,2.0
한양공업고등학교,37.5658716036039,127.011443307588,2.0
숭의여자고등학교,37.507364139341,126.92924328346,1.0
숭의여자고등학교,37.507364139341,126.92924328346,1.0
숭의여자고등학교,37.507364139341,126.92924328346,1.0
숭의여자고등학교,37.507364139341,126.92924328346,1.0
숭의여자고등학교,37.507364139341,126.92924328346,1.0
영훈고등학교,37.6146818749027,127.02809331872,2.0
영훈고등학교,37.6146818749027,127.02809331872,2.0
영훈고등학교,37.6146818749027,127.02809331872,2.0
영훈고등학교,37.6146818749027,127.02809331872,2.0
영훈고등학교,37.6146818749027,127.02809331872,2.0
서울동구고등학교,37.5941065881018,127.008215538987,2.0
서울동구고등학교,37.5941065881018,127.008215538987,2.0
서울동구고등학교,37.5941065881018,127.008215538987,2.0
서울동구고등학교,37.5941065881018,127.008215538987,2.0
서울동구고등학교,37.5941065881018,127.008215538987,2.0
서울미술고등학교,37.4766963066016,126.966748525059,1.0
서울미술고등학교,37.4766963066016,126.966748525059,1.0
서울미술고등학교,37.4766963066016,126.966748525059,1.0
서울미술고등학교,37.4766963066016,126.966748525059,1.0
서울미술고등학교,37.4766963066016,126.966748525059,1.0
일신여자상업고등학교,37.5017941334924,127.114241325581,2.0
일신여자상업고등학교,37.5017941334924,127.114241325581,2.0
일신여자상업고등학교,37.5017941334924,127.114241325581,2.0
일신여자상업고등학교,37.5017941334924,127.114241325581,2.0
일신여자상업고등학교,37.5017941334924,127.114241325581,0.0
서울동산고등학교,37.6307779754887,127.073998366297,2.0
서울동산고등학교,37.6307779754887,127.073998366297,2.0
서울동산고등학교,37.6307779754887,127.073998366297,2.0
서울동산고등학교,37.6307779754887,127.073998366297,2.0
서울동산고등학교,37.6307779754887,127.073998366297,2.0
선일빅데이터고등학교,37.6203042094228,126.911993073275,2.0
선일빅데이터고등학교,37.6203042094228,126.911993073275,2.0
선일빅데이터고등학교,37.6203042094228,126.911993073275,2.0
선일빅데이터고등학교,37.6203042094228,126.911993073275,2.0
선일빅데이터고등학교,37.6203042094228,126.911993073275,2.0
경복여자고등학교,37.5578218303652,126.850595718037,1.0
경복여자고등학교,37.5578218303652,126.850595718037,1.0
경복여자고등학교,37.5578218303652,126.850595718037,1.0
경복여자고등학교,37.5578218303652,126.850595718037,1.0
경복여자고등학교,37.5578218303652,126.850595718037,1.0
세화여자고등학교,37.5019964569165,126.994230013893,1.0
세화여자고등학교,37.5019964569165,126.994230013893,1.0
세화여자고등학교,37.5019964569165,126.994230013893,1.0
세화여자고등학교,37.5019964569165,126.994230013893,1.0
세화여자고등학교,37.5019964569165,126.994230013893,1.0
대진고등학교,37.6378068538477,127.076090022542,1.0
대진고등학교,37.6378068538477,127.076090022542,1.0
대진고등학교,37.6378068538477,127.076090022542,1.0
대진고등학교,37.6378068538477,127.076090022542,1.0
대진고등학교,37.6378068538477,127.076090022542,1.0
대진고등학교,37.6378068538477,127.076090022542,1.0
대진고등학교,37.6378068538477,127.076090022542,1.0
대진고등학교,37.6378068538477,127.076090022542,1.0
대진고등학교,37.6378068538477,127.076090022542,1.0
대진고등학교,37.6378068538477,127.076090022542,1.0
대진고등학교,37.6378068538477,127.076090022542,1.0
대진고등학교,37.6378068538477,127.076090022542,1.0
대진고등학교,37.6378068538477,127.076090022542,1.0
대진고등학교,37.6378068538477,127.076090022542,1.0
대진고등학교,37.6378068538477,127.076090022542,1.0
대원고등학교,37.5624502219725,127.089376716312,1.0
대원고등학교,37.5624502219725,127.089376716312,2.0
대원고등학교,37.5624502219725,127.089376716312,1.0
대원고등학교,37.5624502219725,127.089376716312,2.0
대원고등학교,37.5624502219725,127.089376716312,1.0
대원고등학교,37.5624502219725,127.089376716312,2.0
대원고등학교,37.5624502219725,127.089376716312,1.0
대원고등학교,37.5624502219725,127.089376716312,2.0
대원고등학교,37.5624502219725,127.089376716312,1.0
대원고등학교,37.5624502219725,127.089376716312,2.0
한양대학교사범대학부속고등학교,37.5619188387132,127.042324044658,1.0
한양대학교사범대학부속고등학교,37.5619188387132,127.042324044658,1.0
한양대학교사범대학부속고등학교,37.5619188387132,127.042324044658,1.0
한양대학교사범대학부속고등학교,37.5619188387132,127.042324044658,1.0
한양대학교사범대학부속고등학교,37.5619188387132,127.042324044658,1.0
청량고등학교,37.5888860047887,127.051310950177,1.0
청량고등학교,37.5888860047887,127.051310950177,1.0
청량고등학교,37.5888860047887,127.051310950177,1.0
청량고등학교,37.5888860047887,127.051310950177,1.0
청량고등학교,37.5888860047887,127.051310950177,1.0
이화여자고등학교,37.5665547140475,126.971037241447,0.0
이화여자고등학교,37.5665547140475,126.971037241447,0.0
이화여자고등학교,37.5665547140475,126.971037241447,0.0
이화여자고등학교,37.5665547140475,126.971037241447,0.0
이화여자고등학교,37.5665547140475,126.971037241447,0.0
이화여자대학교사범대학부속이화금란고등학교,37.5663888550725,126.947355714248,1.0
이화여자대학교사범대학부속이화금란고등학교,37.5663888550725,126.947355714248,1.0
이화여자대학교사범대학부속이화금란고등학교,37.5663888550725,126.947355714248,1.0
이화여자대학교사범대학부속이화금란고등학교,37.5663888550725,126.947355714248,1.0
이화여자대학교사범대학부속이화금란고등학교,37.5663888550725,126.947355714248,1.0
여의도고등학교,37.525051010673,126.934219234109,1.0
여의도고등학교,37.525051010673,126.934219234109,1.0
여의도고등학교,37.525051010673,126.934219234109,1.0
여의도고등학교,37.525051010673,126.934219234109,1.0
여의도고등학교,37.525051010673,126.934219234109,1.0
잠신고등학교,37.5147012912615,127.08828295987,1.0
잠신고등학교,37.5147012912615,127.08828295987,1.0
잠신고등학교,37.5147012912615,127.08828295987,1.0
잠신고등학교,37.5147012912615,127.08828295987,1.0
잠신고등학교,37.5147012912615,127.08828295987,1.0
홍익대학교사범대학부속고등학교,37.5936666161184,127.002804963597,1.0
홍익대학교사범대학부속고등학교,37.5936666161184,127.002804963597,1.0
홍익대학교사범대학부속고등학교,37.5936666161184,127.002804963597,1.0
홍익대학교사범대학부속고등학교,37.5936666161184,127.002804963597,1.0
홍익대학교사범대학부속고등학교,37.5936666161184,127.002804963597,1.0
가락고등학교,37.5010563298142,127.116425801136,1.0
가락고등학교,37.5010563298142,127.116425801136,1.0
가락고등학교,37.5010563298142,127.116425801136,1.0
가락고등학교,37.5010563298142,127.116425801136,1.0
가락고등학교,37.5010563298142,127.116425801136,1.0
배문고등학교,37.5499187190496,126.963904100329,1.0
배문고등학교,37.5499187190496,126.963904100329,1.0
배문고등학교,37.5499187190496,126.963904100329,1.0
배문고등학교,37.5499187190496,126.963904100329,1.0
배문고등학교,37.5499187190496,126.963904100329,1.0
대성고등학교,37.6231422778381,126.909790703133,1.0
대성고등학교,37.6231422778381,126.909790703133,1.0
대성고등학교,37.6231422778381,126.909790703133,1.0
대성고등학교,37.6231422778381,126.909790703133,1.0
대성고등학교,37.6231422778381,126.909790703133,1.0
대성고등학교,37.6231422778381,126.909790703133,1.0
대성고등학교,37.6231422778381,126.909790703133,1.0
대성고등학교,37.6231422778381,126.909790703133,1.0
대성고등학교,37.6231422778381,126.909790703133,1.0
대성고등학교,37.6231422778381,126.909790703133,1.0
등촌고등학교,37.5629452192593,126.845046119983,0.0
등촌고등학교,37.5629452192593,126.845046119983,0.0
등촌고등학교,37.5629452192593,126.845046119983,0.0
등촌고등학교,37.5629452192593,126.845046119983,0.0
등촌고등학교,37.5629452192593,126.845046119983,0.0
청원여자고등학교,37.6652515464657,127.062532889006,1.0
청원여자고등학교,37.6652515464657,127.062532889006,1.0
청원여자고등학교,37.6652515464657,127.062532889006,1.0
청원여자고등학교,37.6652515464657,127.062532889006,1.0
청원여자고등학교,37.6652515464657,127.062532889006,1.0
상명대학교사범대학부속여자고등학교,37.604108905882,126.955159496571,1.0
상명대학교사범대학부속여자고등학교,37.604108905882,126.955159496571,1.0
상명대학교사범대학부속여자고등학교,37.604108905882,126.955159496571,1.0
상명대학교사범대학부속여자고등학교,37.604108905882,126.955159496571,1.0
상명대학교사범대학부속여자고등학교,37.604108905882,126.955159496571,1.0
마포고등학교,37.5600277060889,126.85286487714,1.0
마포고등학교,37.5600277060889,126.85286487714,1.0
마포고등학교,37.5600277060889,126.85286487714,1.0
마포고등학교,37.5600277060889,126.85286487714,1.0
마포고등학교,37.5600277060889,126.85286487714,1.0
서울방송고등학교,37.5477744781642,127.011037345163,2.0
서울방송고등학교,37.5477744781642,127.011037345163,2.0
서울방송고등학교,37.5477744781642,127.011037345163,2.0
서울방송고등학교,37.5477744781642,127.011037345163,2.0
서울방송고등학교,37.5477744781642,127.011037345163,2.0
휘봉고등학교,37.5863723553049,127.068940658438,1.0
휘봉고등학교,37.5863723553049,127.068940658438,1.0
휘봉고등학교,37.5863723553049,127.068940658438,1.0
휘봉고등학교,37.5863723553049,127.068940658438,1.0
휘봉고등학교,37.5863723553049,127.068940658438,1.0
상일여자고등학교,37.5485874781342,127.170823536325,1.0
상일여자고등학교,37.5485874781342,127.170823536325,1.0
상일여자고등학교,37.5485874781342,127.170823536325,1.0
상일여자고등학교,37.5485874781342,127.170823536325,1.0
상일여자고등학교,37.5485874781342,127.170823536325,1.0
상일여자고등학교,37.5485874781342,127.170823536325,1.0
상일여자고등학교,37.5485874781342,127.170823536325,1.0
상일여자고등학교,37.5485874781342,127.170823536325,1.0
상일여자고등학교,37.5485874781342,127.170823536325,1.0
상일여자고등학교,37.5485874781342,127.170823536325,1.0
대영고등학교,37.5036530645899,126.905518076656,2.0
대영고등학교,37.5036530645899,126.905518076656,2.0
대영고등학교,37.5036530645899,126.905518076656,2.0
대영고등학교,37.5036530645899,126.905518076656,2.0
대영고등학교,37.5036530645899,126.905518076656,2.0
대영고등학교,37.5036530645899,126.905518076656,2.0
대영고등학교,37.5036530645899,126.905518076656,2.0
대영고등학교,37.5036530645899,126.905518076656,2.0
대영고등학교,37.5036530645899,126.905518076656,2.0
대영고등학교,37.5036530645899,126.905518076656,2.0
중산고등학교,37.4857429318866,127.0814284922,1.0
중산고등학교,37.4857429318866,127.0814284922,1.0
중산고등학교,37.4857429318866,127.0814284922,1.0
중산고등학교,37.4857429318866,127.0814284922,1.0
중산고등학교,37.4857429318866,127.0814284922,1.0
중산고등학교,37.4857429318866,127.0814284922,1.0
중산고등학교,37.4857429318866,127.0814284922,1.0
중산고등학교,37.4857429318866,127.0814284922,1.0
중산고등학교,37.4857429318866,127.0814284922,1.0
중산고등학교,37.4857429318866,127.0814284922,1.0
국립국악고등학교,37.4762397420077,127.051213825746,1.0
국립국악고등학교,37.4762397420077,127.051213825746,1.0
국립국악고등학교,37.4762397420077,127.051213825746,1.0
국립국악고등학교,37.4762397420077,127.051213825746,1.0
국립국악고등학교,37.4762397420077,127.051213825746,1.0
세명컴퓨터고등학교,37.6278475739332,126.923545504491,2.0
세명컴퓨터고등학교,37.6278475739332,126.923545504491,2.0
세명컴퓨터고등학교,37.6278475739332,126.923545504491,2.0
세명컴퓨터고등학교,37.6278475739332,126.923545504491,2.0
세명컴퓨터고등학교,37.6278475739332,126.923545504491,2.0
서울항공비즈니스고등학교,37.5692177821112,126.817040800626,2.0
서울항공비즈니스고등학교,37.5692177821112,126.817040800626,2.0
서울항공비즈니스고등학교,37.5692177821112,126.817040800626,2.0
서울항공비즈니스고등학교,37.5692177821112,126.817040800626,2.0
서울항공비즈니스고등학교,37.5692177821112,126.817040800626,2.0
서울인공지능고등학교,37.4916482412209,127.142085431868,2.0
서울인공지능고등학교,37.4916482412209,127.142085431868,2.0
서울인공지능고등학교,37.4916482412209,127.142085431868,2.0
서울인공지능고등학교,37.4916482412209,127.142085431868,2.0
서울인공지능고등학교,37.4916482412209,127.142085431868,2.0
효문고등학교,37.6526987118348,127.0184004627,1.0
효문고등학교,37.6526987118348,127.0184004627,1.0
효문고등학교,37.6526987118348,127.0184004627,1.0
효문고등학교,37.6526987118348,127.0184004627,1.0
효문고등학교,37.6526987118348,127.0184004627,1.0
서울디자인고등학교,37.5466750773343,126.948479002412,2.0
서울디자인고등학교,37.5466750773343,126.948479002412,2.0
서울디자인고등학교,37.5466750773343,126.948479002412,2.0
서울디자인고등학교,37.5466750773343,126.948479002412,2.0
서울디자인고등학교,37.5466750773343,126.948479002412,2.0
진명여자고등학교,37.5240834137562,126.865465205432,1.0
진명여자고등학교,37.5240834137562,126.865465205432,1.0
진명여자고등학교,37.5240834137562,126.865465205432,1.0
진명여자고등학교,37.5240834137562,126.865465205432,1.0
진명여자고등학교,37.5240834137562,126.865465205432,1.0
세현고등학교,37.5604306618095,126.863621128106,2.0
세현고등학교,37.5604306618095,126.863621128106,2.0
세현고등학교,37.5604306618095,126.863621128106,2.0
세현고등학교,37.5604306618095,126.863621128106,2.0
세현고등학교,37.5604306618095,126.863621128106,2.0
배화여자고등학교,37.5795440101952,126.967291871532,1.0
배화여자고등학교,37.5795440101952,126.967291871532,1.0
배화여자고등학교,37.5795440101952,126.967291871532,1.0
배화여자고등학교,37.5795440101952,126.967291871532,1.0
배화여자고등학교,37.5795440101952,126.967291871532,1.0
풍문고등학교,37.4713361652893,127.09996343408,1.0
풍문고등학교,37.4713361652893,127.09996343408,1.0
풍문고등학교,37.4713361652893,127.09996343408,1.0
풍문고등학교,37.4713361652893,127.09996343408,1.0
풍문고등학교,37.4713361652893,127.09996343408,1.0
경복비즈니스고등학교,37.5580972589988,126.852670273321,2.0
경복비즈니스고등학교,37.5580972589988,126.852670273321,2.0
경복비즈니스고등학교,37.5580972589988,126.852670273321,2.0
경복비즈니스고등학교,37.5580972589988,126.852670273321,2.0
경복비즈니스고등학교,37.5580972589988,126.852670273321,2.0
선덕고등학교,37.6562750160952,127.026703057445,1.0
선덕고등학교,37.6562750160952,127.026703057445,1.0
선덕고등학교,37.6562750160952,127.026703057445,1.0
선덕고등학교,37.6562750160952,127.026703057445,1.0
선덕고등학교,37.6562750160952,127.026703057445,1.0
경성고등학교,37.563510635781,126.919166278819,2.0
경성고등학교,37.563510635781,126.919166278819,2.0
경성고등학교,37.563510635781,126.919166278819,2.0
경성고등학교,37.563510635781,126.919166278819,2.0
경성고등학교,37.563510635781,126.919166278819,2.0
명덕외국어고등학교,37.5538694849081,126.8339773378,1.0
명덕외국어고등학교,37.5538694849081,126.8339773378,1.0
명덕외국어고등학교,37.5538694849081,126.8339773378,1.0
명덕외국어고등학교,37.5538694849081,126.8339773378,1.0
명덕외국어고등학교,37.5538694849081,126.8339773378,1.0
대신고등학교,37.573123769216,126.96125454884,1.0
대신고등학교,37.573123769216,126.96125454884,1.0
대신고등학교,37.573123769216,126.96125454884,1.0
대신고등학교,37.573123769216,126.96125454884,1.0
대신고등학교,37.573123769216,126.96125454884,1.0
대신고등학교,37.573123769216,126.96125454884,1.0
대신고등학교,37.573123769216,126.96125454884,1.0
대신고등학교,37.573123769216,126.96125454884,1.0
대신고등학교,37.573123769216,126.96125454884,1.0
대신고등학교,37.573123769216,126.96125454884,1.0
동명여자고등학교,37.6144187859471,126.92282044301,2.0
동명여자고등학교,37.6144187859471,126.92282044301,2.0
동명여자고등학교,37.6144187859471,126.92282044301,2.0
동명여자고등학교,37.6144187859471,126.92282044301,2.0
동명여자고등학교,37.6144187859471,126.92282044301,2.0
강동고등학교,37.5499166487971,127.160668324892,1.0
강동고등학교,37.5499166487971,127.160668324892,1.0
강동고등학교,37.5499166487971,127.160668324892,1.0
강동고등학교,37.5499166487971,127.160668324892,1.0
강동고등학교,37.5499166487971,127.160668324892,1.0
강동고등학교,37.5499166487971,127.160668324892,1.0
강동고등학교,37.5499166487971,127.160668324892,1.0
강동고등학교,37.5499166487971,127.160668324892,1.0
강동고등학교,37.5499166487971,127.160668324892,1.0
강동고등학교,37.5499166487971,127.160668324892,1.0
강동고등학교,37.5499166487971,127.160668324892,1.0
강동고등학교,37.5499166487971,127.160668324892,1.0
강동고등학교,37.5499166487971,127.160668324892,1.0
강동고등학교,37.5499166487971,127.160668324892,1.0
송곡여자고등학교,37.6066890425626,127.105145451077,2.0
송곡여자고등학교,37.6066890425626,127.105145451077,2.0
송곡여자고등학교,37.6066890425626,127.105145451077,2.0
송곡여자고등학교,37.6066890425626,127.105145451077,2.0
송곡여자고등학교,37.6066890425626,127.105145451077,2.0
청담고등학교,37.5279473627751,127.043866627763,0.0
청담고등학교,37.5279473627751,127.043866627763,1.0
청담고등학교,37.5279473627751,127.043866627763,0.0
청담고등학교,37.5279473627751,127.043866627763,1.0
청담고등학교,37.5279473627751,127.043866627763,0.0
청담고등학교,37.5279473627751,127.043866627763,1.0
청담고등학교,37.5279473627751,127.043866627763,0.0
청담고등학교,37.5279473627751,127.043866627763,1.0
청담고등학교,37.5279473627751,127.043866627763,0.0
청담고등학교,37.5279473627751,127.043866627763,1.0
서울외국어고등학교,37.6457807932104,127.0515086969,1.0
서울외국어고등학교,37.6457807932104,127.0515086969,1.0
서울외국어고등학교,37.6457807932104,127.0515086969,1.0
서울외국어고등학교,37.6457807932104,127.0515086969,1.0
서울외국어고등학교,37.6457807932104,127.0515086969,1.0
서울예술고등학교,37.6057568225162,126.967890699043,1.0
서울예술고등학교,37.6057568225162,126.967890699043,1.0
서울예술고등학교,37.6057568225162,126.967890699043,1.0
서울예술고등학교,37.6057568225162,126.967890699043,1.0
서울예술고등학교,37.6057568225162,126.967890699043,1.0
신서고등학교,37.5239143189255,126.860209579436,2.0
신서고등학교,37.5239143189255,126.860209579436,2.0
신서고등학교,37.5239143189255,126.860209579436,2.0
신서고등학교,37.5239143189255,126.860209579436,2.0
신서고등학교,37.5239143189255,126.860209579436,2.0
경기여자고등학교,37.4869545236322,127.06612364407,0.0
경기여자고등학교,37.4869545236322,127.06612364407,0.0
경기여자고등학교,37.4869545236322,127.06612364407,0.0
경기여자고등학교,37.4869545236322,127.06612364407,0.0
경기여자고등학교,37.4869545236322,127.06612364407,0.0
대진여자고등학교,37.6461248249441,127.06719658578,1.0
대진여자고등학교,37.6461248249441,127.06719658578,1.0
대진여자고등학교,37.6461248249441,127.06719658578,1.0
대진여자고등학교,37.6461248249441,127.06719658578,1.0
대진여자고등학교,37.6461248249441,127.06719658578,1.0
보인고등학교,37.4975692004431,127.139517839227,1.0
보인고등학교,37.4975692004431,127.139517839227,1.0
보인고등학교,37.4975692004431,127.139517839227,1.0
보인고등학교,37.4975692004431,127.139517839227,1.0
보인고등학교,37.4975692004431,127.139517839227,1.0
명덕고등학교,37.5538694849081,126.8339773378,1.0
명덕고등학교,37.5538694849081,126.8339773378,1.0
명덕고등학교,37.5538694849081,126.8339773378,1.0
명덕고등학교,37.5538694849081,126.8339773378,1.0
명덕고등학교,37.5538694849081,126.8339773378,1.0
명덕고등학교,37.5538694849081,126.8339773378,1.0
명덕고등학교,37.5538694849081,126.8339773378,1.0
명덕고등학교,37.5538694849081,126.8339773378,1.0
명덕고등학교,37.5538694849081,126.8339773378,1.0
명덕고등학교,37.5538694849081,126.8339773378,1.0
광남고등학교,37.541514723184,127.101213923003,1.0
광남고등학교,37.541514723184,127.101213923003,1.0
광남고등학교,37.541514723184,127.101213923003,1.0
광남고등학교,37.541514723184,127.101213923003,1.0
광남고등학교,37.541514723184,127.101213923003,1.0
광남고등학교,37.541514723184,127.101213923003,1.0
광남고등학교,37.541514723184,127.101213923003,1.0
광남고등학교,37.541514723184,127.101213923003,1.0
광남고등학교,37.541514723184,127.101213923003,1.0
광남고등학교,37.541514723184,127.101213923003,1.0
광남고등학교,37.541514723184,127.101213923003,1.0
광남고등학교,37.541514723184,127.101213923003,1.0
광남고등학교,37.541514723184,127.101213923003,1.0
광남고등학교,37.541514723184,127.101213923003,1.0
광남고등학교,37.541514723184,127.101213923003,1.0
금옥여자고등학교,37.5109653172242,126.843971681779,2.0
금옥여자고등학교,37.5109653172242,126.843971681779,2.0
금옥여자고등학교,37.5109653172242,126.843971681779,2.0
금옥여자고등학교,37.5109653172242,126.843971681779,2.0
금옥여자고등학교,37.5109653172242,126.843971681779,2.0
한성여자고등학교,37.583064896247,127.011742675693,2.0
한성여자고등학교,37.583064896247,127.011742675693,2.0
한성여자고등학교,37.583064896247,127.011742675693,2.0
한성여자고등학교,37.583064896247,127.011742675693,2.0
한성여자고등학교,37.583064896247,127.011742675693,2.0
장훈고등학교,37.5133455931748,126.916228547854,1.0
장훈고등학교,37.5133455931748,126.916228547854,1.0
장훈고등학교,37.5133455931748,126.916228547854,1.0
장훈고등학교,37.5133455931748,126.916228547854,1.0
장훈고등학교,37.5133455931748,126.916228547854,1.0
대일관광고등학교,37.5114137684075,126.834906714744,2.0
대일관광고등학교,37.5114137684075,126.834906714744,2.0
대일관광고등학교,37.5114137684075,126.834906714744,2.0
대일관광고등학교,37.5114137684075,126.834906714744,2.0
대일관광고등학교,37.5114137684075,126.834906714744,2.0
중화고등학교,37.6048146052263,127.083654104942,2.0
중화고등학교,37.6048146052263,127.083654104942,2.0
중화고등학교,37.6048146052263,127.083654104942,2.0
중화고등학교,37.6048146052263,127.083654104942,2.0
중화고등학교,37.6048146052263,127.083654104942,2.0
수명고등학교,37.5497618629354,126.824766247612,2.0
수명고등학교,37.5497618629354,126.824766247612,2.0
수명고등학교,37.5497618629354,126.824766247612,2.0
수명고등학교,37.5497618629354,126.824766247612,2.0
수명고등학교,37.5497618629354,126.824766247612,2.0
자양고등학교,37.536077967735,127.073339535384,2.0
자양고등학교,37.536077967735,127.073339535384,2.0
자양고등학교,37.536077967735,127.073339535384,2.0
자양고등학교,37.536077967735,127.073339535384,2.0
자양고등학교,37.536077967735,127.073339535384,2.0
숭문고등학교,37.5508909515504,126.945886852057,1.0
숭문고등학교,37.5508909515504,126.945886852057,0.0
숭문고등학교,37.5508909515504,126.945886852057,0.0
숭문고등학교,37.5508909515504,126.945886852057,0.0
숭문고등학교,37.5508909515504,126.945886852057,1.0
명지고등학교,37.5849113531243,126.927090249447,1.0
명지고등학교,37.5849113531243,126.927090249447,1.0
명지고등학교,37.5849113531243,126.927090249447,1.0
명지고등학교,37.5849113531243,126.927090249447,1.0
명지고등학교,37.5849113531243,126.927090249447,1.0
광성고등학교,37.5486975552073,126.935969575594,0.0
광성고등학교,37.5486975552073,126.935969575594,0.0
광성고등학교,37.5486975552073,126.935969575594,0.0
광성고등학교,37.5486975552073,126.935969575594,0.0
광성고등학교,37.5486975552073,126.935969575594,0.0
광성고등학교,37.5486975552073,126.935969575594,0.0
광성고등학교,37.5486975552073,126.935969575594,0.0
광성고등학교,37.5486975552073,126.935969575594,0.0
광성고등학교,37.5486975552073,126.935969575594,0.0
광성고등학교,37.5486975552073,126.935969575594,0.0
서울금융고등학교,37.5376595496119,126.825914607519,2.0
서울금융고등학교,37.5376595496119,126.825914607519,2.0
서울금융고등학교,37.5376595496119,126.825914607519,2.0
서울금융고등학교,37.5376595496119,126.825914607519,2.0
서울금융고등학교,37.5376595496119,126.825914607519,2.0
서라벌고등학교,37.6452565325417,127.075840635297,1.0
서라벌고등학교,37.6452565325417,127.075840635297,1.0
서라벌고등학교,37.6452565325417,127.075840635297,1.0
서라벌고등학교,37.6452565325417,127.075840635297,1.0
서라벌고등학교,37.6452565325417,127.075840635297,1.0
유한공업고등학교,37.4879765968891,126.823290699072,2.0
유한공업고등학교,37.4879765968891,126.823290699072,2.0
유한공업고등학교,37.4879765968891,126.823290699072,2.0
유한공업고등학교,37.4879765968891,126.823290699072,2.0
유한공업고등학교,37.4879765968891,126.823290699072,2.0
서울정화고등학교,37.586048641672,127.041070321981,2.0
서울정화고등학교,37.586048641672,127.041070321981,2.0
서울정화고등학교,37.586048641672,127.041070321981,2.0
서울정화고등학교,37.586048641672,127.041070321981,2.0
서울정화고등학교,37.586048641672,127.041070321981,2.0
상계고등학교,37.652724684304,127.055453430868,1.0
상계고등학교,37.652724684304,127.055453430868,1.0
상계고등학교,37.652724684304,127.055453430868,1.0
상계고등학교,37.652724684304,127.055453430868,1.0
상계고등학교,37.652724684304,127.055453430868,1.0
경문고등학교,37.4934188575707,126.982273400501,1.0
경문고등학교,37.4934188575707,126.982273400501,1.0
경문고등학교,37.4934188575707,126.982273400501,1.0
경문고등학교,37.4934188575707,126.982273400501,1.0
경문고등학교,37.4934188575707,126.982273400501,1.0
양정고등학교,37.5353922607054,126.887734285049,1.0
양정고등학교,37.5353922607054,126.887734285049,1.0
양정고등학교,37.5353922607054,126.887734285049,1.0
양정고등학교,37.5353922607054,126.887734285049,1.0
양정고등학교,37.5353922607054,126.887734285049,1.0
양정고등학교,37.5353922607054,126.887734285049,1.0
양정고등학교,37.5353922607054,126.887734285049,1.0
양정고등학교,37.5353922607054,126.887734285049,1.0
양정고등학교,37.5353922607054,126.887734285049,1.0
양정고등학교,37.5353922607054,126.887734285049,1.0
한서고등학교,37.5747927037293,126.808143937842,1.0
한서고등학교,37.5747927037293,126.808143937842,1.0
한서고등학교,37.5747927037293,126.808143937842,1.0
한서고등학교,37.5747927037293,126.808143937842,1.0
한서고등학교,37.5747927037293,126.808143937842,1.0
송곡고등학교,37.6058454355439,127.106463734951,0.0
송곡고등학교,37.6058454355439,127.106463734951,0.0
송곡고등학교,37.6058454355439,127.106463734951,0.0
송곡고등학교,37.6058454355439,127.106463734951,0.0
송곡고등학교,37.6058454355439,127.106463734951,0.0
동작고등학교,37.4826019423842,126.965086250636,2.0
동작고등학교,37.4826019423842,126.965086250636,2.0
동작고등학교,37.4826019423842,126.965086250636,2.0
동작고등학교,37.4826019423842,126.965086250636,2.0
동작고등학교,37.4826019423842,126.965086250636,2.0
구로고등학교,37.4988400846064,126.890309191986,2.0
구로고등학교,37.4988400846064,126.890309191986,2.0
구로고등학교,37.4988400846064,126.890309191986,2.0
구로고등학교,37.4988400846064,126.890309191986,2.0
구로고등학교,37.4988400846064,126.890309191986,2.0
구암고등학교,37.4924598533601,126.949783193871,1.0
구암고등학교,37.4924598533601,126.949783193871,1.0
구암고등학교,37.4924598533601,126.949783193871,1.0
구암고등학교,37.4924598533601,126.949783193871,1.0
구암고등학교,37.4924598533601,126.949783193871,1.0
구암고등학교,37.4924598533601,126.949783193871,1.0
구암고등학교,37.4924598533601,126.949783193871,1.0
구암고등학교,37.4924598533601,126.949783193871,1.0
구암고등학교,37.4924598533601,126.949783193871,1.0
구암고등학교,37.4924598533601,126.949783193871,1.0
경복고등학교,37.585945671102,126.971510913077,1.0
경복고등학교,37.585945671102,126.971510913077,1.0
경복고등학교,37.585945671102,126.971510913077,1.0
경복고등학교,37.585945671102,126.971510913077,1.0
경복고등학교,37.585945671102,126.971510913077,1.0
진관고등학교,37.643338571257,126.924382489033,2.0
진관고등학교,37.643338571257,126.924382489033,2.0
진관고등학교,37.643338571257,126.924382489033,2.0
진관고등학교,37.643338571257,126.924382489033,2.0
진관고등학교,37.643338571257,126.924382489033,2.0
압구정고등학교,37.5311339475008,127.032711640733,1.0
압구정고등학교,37.5311339475008,127.032711640733,1.0
압구정고등학교,37.5311339475008,127.032711640733,1.0
압구정고등학교,37.5311339475008,127.032711640733,1.0
압구정고등학교,37.5311339475008,127.032711640733,1.0
고척고등학교,37.5080493827144,126.849869103403,2.0
고척고등학교,37.5080493827144,126.849869103403,2.0
고척고등학교,37.5080493827144,126.849869103403,2.0
고척고등학교,37.5080493827144,126.849869103403,2.0
고척고등학교,37.5080493827144,126.849869103403,2.0
예일여자고등학교,37.6109458980893,126.914792838283,1.0
예일여자고등학교,37.6109458980893,126.914792838283,1.0
예일여자고등학교,37.6109458980893,126.914792838283,1.0
예일여자고등학교,37.6109458980893,126.914792838283,1.0
예일여자고등학교,37.6109458980893,126.914792838283,1.0
성남고등학교,37.5052815748623,126.926615278225,0.0
성남고등학교,37.5052815748623,126.926615278225,1.0
성남고등학교,37.5052815748623,126.926615278225,0.0
성남고등학교,37.5052815748623,126.926615278225,1.0
성남고등학교,37.5052815748623,126.926615278225,0.0
성남고등학교,37.5052815748623,126.926615278225,1.0
성남고등학교,37.5052815748623,126.926615278225,0.0
성남고등학교,37.5052815748623,126.926615278225,1.0
성남고등학교,37.5052815748623,126.926615278225,0.0
성남고등학교,37.5052815748623,126.926615278225,1.0
영등포여자고등학교,37.5153884476796,126.915356313843,2.0
영등포여자고등학교,37.5153884476796,126.915356313843,2.0
영등포여자고등학교,37.5153884476796,126.915356313843,2.0
영등포여자고등학교,37.5153884476796,126.915356313843,2.0
영등포여자고등학교,37.5153884476796,126.915356313843,2.0
백암고등학교,37.5122533613422,126.84449517891,1.0
백암고등학교,37.5122533613422,126.84449517891,1.0
백암고등학교,37.5122533613422,126.84449517891,1.0
백암고등학교,37.5122533613422,126.84449517891,1.0
백암고등학교,37.5122533613422,126.84449517891,1.0
백암고등학교,37.5122533613422,126.84449517891,1.0
백암고등학교,37.5122533613422,126.84449517891,1.0
백암고등학교,37.5122533613422,126.84449517891,1.0
백암고등학교,37.5122533613422,126.84449517891,1.0
백암고등학교,37.5122533613422,126.84449517891,1.0
리라아트고등학교,37.5576622746229,126.987778499953,0.0
리라아트고등학교,37.5576622746229,126.987778499953,0.0
리라아트고등학교,37.5576622746229,126.987778499953,0.0
리라아트고등학교,37.5576622746229,126.987778499953,0.0
리라아트고등학교,37.5576622746229,126.987778499953,0.0
문일고등학교,37.4489152569278,126.898720653088,0.0
문일고등학교,37.4489152569278,126.898720653088,0.0
문일고등학교,37.4489152569278,126.898720653088,0.0
문일고등학교,37.4489152569278,126.898720653088,0.0
문일고등학교,37.4489152569278,126.898720653088,0.0
한광고등학교,37.5388437129063,126.857939342826,2.0
한광고등학교,37.5388437129063,126.857939342826,2.0
한광고등학교,37.5388437129063,126.857939342826,2.0
한광고등학교,37.5388437129063,126.857939342826,2.0
한광고등학교,37.5388437129063,126.857939342826,2.0
한광고등학교,37.5388437129063,126.857939342826,2.0
한광고등학교,37.5388437129063,126.857939342826,2.0
한광고등학교,37.5388437129063,126.857939342826,2.0
한광고등학교,37.5388437129063,126.857939342826,2.0
한광고등학교,37.5388437129063,126.857939342826,2.0
미래산업과학고등학교,37.658779482984,127.07844069313,2.0
미래산업과학고등학교,37.658779482984,127.07844069313,2.0
미래산업과학고등학교,37.658779482984,127.07844069313,2.0
미래산업과학고등학교,37.658779482984,127.07844069313,2.0
미래산업과학고등학교,37.658779482984,127.07844069313,2.0
서서울생활과학고등학교,37.5038291911751,126.828259957002,2.0
서서울생활과학고등학교,37.5038291911751,126.828259957002,2.0
서서울생활과학고등학교,37.5038291911751,126.828259957002,2.0
서서울생활과학고등학교,37.5038291911751,126.828259957002,2.0
서서울생활과학고등학교,37.5038291911751,126.828259957002,2.0
성보고등학교,37.4807283676946,126.920957326353,0.0
성보고등학교,37.4807283676946,126.920957326353,0.0
성보고등학교,37.4807283676946,126.920957326353,0.0
성보고등학교,37.4807283676946,126.920957326353,0.0
성보고등학교,37.4807283676946,126.920957326353,0.0
영락의료과학고등학교,37.476541242971,126.945416499639,2.0
영락의료과학고등학교,37.476541242971,126.945416499639,2.0
영락의료과학고등학교,37.476541242971,126.945416499639,2.0
영락의료과학고등학교,37.476541242971,126.945416499639,2.0
영락의료과학고등학교,37.476541242971,126.945416499639,2.0
원묵고등학교,37.6152323139525,127.085507784516,1.0
원묵고등학교,37.6152323139525,127.085507784516,1.0
원묵고등학교,37.6152323139525,127.085507784516,1.0
원묵고등학교,37.6152323139525,127.085507784516,1.0
원묵고등학교,37.6152323139525,127.085507784516,1.0
보성여자고등학교,37.5430815444968,126.984284175086,1.0
보성여자고등학교,37.5430815444968,126.984284175086,1.0
보성여자고등학교,37.5430815444968,126.984284175086,1.0
보성여자고등학교,37.5430815444968,126.984284175086,1.0
보성여자고등학교,37.5430815444968,126.984284175086,1.0
계성고등학교,37.6074935996761,127.020183575106,1.0
계성고등학교,37.6074935996761,127.020183575106,1.0
계성고등학교,37.6074935996761,127.020183575106,1.0
계성고등학교,37.6074935996761,127.020183575106,1.0
계성고등학교,37.6074935996761,127.020183575106,1.0
계성고등학교,37.6074935996761,127.020183575106,1.0
계성고등학교,37.6074935996761,127.020183575106,1.0
계성고등학교,37.6074935996761,127.020183575106,1.0
계성고등학교,37.6074935996761,127.020183575106,1.0
계성고등학교,37.6074935996761,127.020183575106,1.0
솔샘고등학교,37.6237648476803,127.012068855446,2.0
솔샘고등학교,37.6237648476803,127.012068855446,2.0
솔샘고등학교,37.6237648476803,127.012068855446,2.0
솔샘고등학교,37.6237648476803,127.012068855446,2.0
솔샘고등학교,37.6237648476803,127.012068855446,2.0
신진과학기술고등학교,37.59871384669,126.918836393178,2.0
신진과학기술고등학교,37.59871384669,126.918836393178,2.0
신진과학기술고등학교,37.59871384669,126.918836393178,2.0
신진과학기술고등학교,37.59871384669,126.918836393178,2.0
신진과학기술고등학교,37.59871384669,126.918836393178,2.0
영동고등학교,37.5213890143821,127.043739258782,1.0
영동고등학교,37.5213890143821,127.043739258782,1.0
영동고등학교,37.5213890143821,127.043739258782,1.0
영동고등학교,37.5213890143821,127.043739258782,1.0
영동고등학교,37.5213890143821,127.043739258782,1.0
영동고등학교,37.5213890143821,127.043739258782,1.0
영동고등학교,37.5213890143821,127.043739258782,1.0
영동고등학교,37.5213890143821,127.043739258782,1.0
영동고등학교,37.5213890143821,127.043739258782,1.0
영동고등학교,37.5213890143821,127.043739258782,1.0
영동고등학교,37.5213890143821,127.043739258782,1.0
영동고등학교,37.5213890143821,127.043739258782,1.0
영동고등학교,37.5213890143821,127.043739258782,1.0
영동고등학교,37.5213890143821,127.043739258782,1.0
영동고등학교,37.5213890143821,127.043739258782,1.0
중앙여자고등학교,37.5631767195176,126.954059321222,1.0
중앙여자고등학교,37.5631767195176,126.954059321222,1.0
중앙여자고등학교,37.5631767195176,126.954059321222,1.0
중앙여자고등학교,37.5631767195176,126.954059321222,1.0
중앙여자고등학교,37.5631767195176,126.954059321222,1.0
강서공업고등학교,37.5760340875363,126.816181657979,2.0
강서공업고등학교,37.5760340875363,126.816181657979,2.0
강서공업고등학교,37.5760340875363,126.816181657979,2.0
강서공업고등학교,37.5760340875363,126.816181657979,2.0
강서공업고등학교,37.5760340875363,126.816181657979,2.0
잠실고등학교,37.522930433109,127.106515037791,1.0
잠실고등학교,37.522930433109,127.106515037791,1.0
잠실고등학교,37.522930433109,127.106515037791,1.0
잠실고등학교,37.522930433109,127.106515037791,1.0
잠실고등학교,37.522930433109,127.106515037791,1.0
명일여자고등학교,37.5497763325665,127.149581506712,2.0
명일여자고등학교,37.5497763325665,127.149581506712,2.0
명일여자고등학교,37.5497763325665,127.149581506712,2.0
명일여자고등학교,37.5497763325665,127.149581506712,2.0
명일여자고등학교,37.5497763325665,127.149581506712,2.0
광영여자고등학교,37.5371981027922,126.823275879439,2.0
광영여자고등학교,37.5371981027922,126.823275879439,2.0
광영여자고등학교,37.5371981027922,126.823275879439,2.0
광영여자고등학교,37.5371981027922,126.823275879439,2.0
광영여자고등학교,37.5371981027922,126.823275879439,2.0
신도고등학교,37.6291325083008,126.918748608965,1.0
신도고등학교,37.6291325083008,126.918748608965,2.0
신도고등학교,37.6291325083008,126.918748608965,1.0
신도고등학교,37.6291325083008,126.918748608965,2.0
신도고등학교,37.6291325083008,126.918748608965,1.0
신도고등학교,37.6291325083008,126.918748608965,2.0
신도고등학교,37.6291325083008,126.918748608965,1.0
신도고등학교,37.6291325083008,126.918748608965,2.0
신도고등학교,37.6291325083008,126.918748608965,1.0
신도고등학교,37.6291325083008,126.918748608965,2.0
대동세무고등학교,37.5815827310558,126.987951316186,0.0
대동세무고등학교,37.5815827310558,126.987951316186,0.0
대동세무고등학교,37.5815827310558,126.987951316186,0.0
대동세무고등학교,37.5815827310558,126.987951316186,0.0
대동세무고등학교,37.5815827310558,126.987951316186,0.0
동덕여자고등학교,37.4758460567445,126.992615816174,1.0
동덕여자고등학교,37.4758460567445,126.992615816174,1.0
동덕여자고등학교,37.4758460567445,126.992615816174,1.0
동덕여자고등학교,37.4758460567445,126.992615816174,1.0
동덕여자고등학교,37.4758460567445,126.992615816174,1.0
인창고등학교,37.564885131451,126.964023197643,1.0
인창고등학교,37.564885131451,126.964023197643,1.0
인창고등학교,37.564885131451,126.964023197643,1.0
인창고등학교,37.564885131451,126.964023197643,1.0
인창고등학교,37.564885131451,126.964023197643,1.0
인창고등학교,37.564885131451,126.964023197643,1.0
인창고등학교,37.564885131451,126.964023197643,1.0
인창고등학교,37.564885131451,126.964023197643,1.0
인창고등학교,37.564885131451,126.964023197643,1.0
인창고등학교,37.564885131451,126.964023197643,1.0
현대고등학교,37.5254804993365,127.022377298509,1.0
현대고등학교,37.5254804993365,127.022377298509,1.0
현대고등학교,37.5254804993365,127.022377298509,1.0
현대고등학교,37.5254804993365,127.022377298509,1.0
현대고등학교,37.5254804993365,127.022377298509,1.0
현대고등학교,37.5254804993365,127.022377298509,1.0
현대고등학교,37.5254804993365,127.022377298509,1.0
현대고등학교,37.5254804993365,127.022377298509,1.0
현대고등학교,37.5254804993365,127.022377298509,1.0
현대고등학교,37.5254804993365,127.022377298509,1.0
동양고등학교,37.5690302418497,126.846888761424,1.0
동양고등학교,37.5690302418497,126.846888761424,1.0
동양고등학교,37.5690302418497,126.846888761424,1.0
동양고등학교,37.5690302418497,126.846888761424,1.0
동양고등학교,37.5690302418497,126.846888761424,1.0
서초고등학교,37.4896116868936,127.005378249754,1.0
서초고등학교,37.4896116868936,127.005378249754,1.0
서초고등학교,37.4896116868936,127.005378249754,1.0
서초고등학교,37.4896116868936,127.005378249754,1.0
서초고등학교,37.4896116868936,127.005378249754,1.0
세그루패션디자인고등학교,37.6562750160952,127.026703057445,2.0
세그루패션디자인고등학교,37.6562750160952,127.026703057445,2.0
세그루패션디자인고등학교,37.6562750160952,127.026703057445,2.0
세그루패션디자인고등학교,37.6562750160952,127.026703057445,2.0
세그루패션디자인고등학교,37.6562750160952,127.026703057445,2.0
성덕고등학교,37.5498545397762,127.141541303447,1.0
성덕고등학교,37.5498545397762,127.141541303447,1.0
성덕고등학교,37.5498545397762,127.141541303447,1.0
성덕고등학교,37.5498545397762,127.141541303447,1.0
성덕고등학교,37.5498545397762,127.141541303447,1.0
성덕고등학교,37.5498545397762,127.141541303447,1.0
성덕고등학교,37.5498545397762,127.141541303447,1.0
성덕고등학교,37.5498545397762,127.141541303447,1.0
성덕고등학교,37.5498545397762,127.141541303447,1.0
성덕고등학교,37.5498545397762,127.141541303447,1.0
대진디자인고등학교,37.4904281491372,127.095979339516,2.0
대진디자인고등학교,37.4904281491372,127.095979339516,2.0
대진디자인고등학교,37.4904281491372,127.095979339516,2.0
대진디자인고등학교,37.4904281491372,127.095979339516,2.0
대진디자인고등학교,37.4904281491372,127.095979339516,2.0
서울공연예술고등학교,37.4999306587647,126.832608691425,1.0
서울공연예술고등학교,37.4999306587647,126.832608691425,1.0
서울공연예술고등학교,37.4999306587647,126.832608691425,1.0
서울공연예술고등학교,37.4999306587647,126.832608691425,1.0
서울공연예술고등학교,37.4999306587647,126.832608691425,1.0
언남고등학교,37.4723300184587,127.043005236379,0.0
언남고등학교,37.4723300184587,127.043005236379,0.0
언남고등학교,37.4723300184587,127.043005236379,0.0
언남고등학교,37.4723300184587,127.043005236379,0.0
언남고등학교,37.4723300184587,127.043005236379,0.0
서울영상고등학교,37.5233044400227,126.860293524636,0.0
서울영상고등학교,37.5233044400227,126.860293524636,0.0
서울영상고등학교,37.5233044400227,126.860293524636,0.0
서울영상고등학교,37.5233044400227,126.860293524636,0.0
서울영상고등학교,37.5233044400227,126.860293524636,0.0
강일고등학교,37.5638280994729,127.177903473129,2.0
강일고등학교,37.5638280994729,127.177903473129,2.0
강일고등학교,37.5638280994729,127.177903473129,2.0
강일고등학교,37.5638280994729,127.177903473129,2.0
강일고등학교,37.5638280994729,127.177903473129,2.0
방산고등학교,37.5083995194679,127.120469638696,2.0
방산고등학교,37.5083995194679,127.120469638696,2.0
방산고등학교,37.5083995194679,127.120469638696,2.0
방산고등학교,37.5083995194679,127.120469638696,2.0
방산고등학교,37.5083995194679,127.120469638696,2.0
성신여자고등학교,37.5942896306119,127.022407171613,1.0
성신여자고등학교,37.5942896306119,127.022407171613,1.0
성신여자고등학교,37.5942896306119,127.022407171613,1.0
성신여자고등학교,37.5942896306119,127.022407171613,1.0
성신여자고등학교,37.5942896306119,127.022407171613,1.0
서울신정고등학교,37.5384117486135,126.85717155125,2.0
서울신정고등학교,37.5384117486135,126.85717155125,2.0
서울신정고등학교,37.5384117486135,126.85717155125,2.0
서울신정고등학교,37.5384117486135,126.85717155125,2.0
서울신정고등학교,37.5384117486135,126.85717155125,2.0
청원고등학교,37.6652515464657,127.062532889006,1.0
청원고등학교,37.6652515464657,127.062532889006,1.0
청원고등학교,37.6652515464657,127.062532889006,1.0
청원고등학교,37.6652515464657,127.062532889006,1.0
청원고등학교,37.6652515464657,127.062532889006,1.0
청원고등학교,37.6652515464657,127.062532889006,1.0
청원고등학교,37.6652515464657,127.062532889006,1.0
청원고등학교,37.6652515464657,127.062532889006,1.0
청원고등학교,37.6652515464657,127.062532889006,1.0
청원고등학교,37.6652515464657,127.062532889006,1.0
양천고등학교,37.5083205987323,126.845202760621,1.0
양천고등학교,37.5083205987323,126.845202760621,1.0
양천고등학교,37.5083205987323,126.845202760621,1.0
양천고등학교,37.5083205987323,126.845202760621,1.0
양천고등학교,37.5083205987323,126.845202760621,1.0
동명생활경영고등학교,37.6144187859471,126.92282044301,2.0
동명생활경영고등학교,37.6144187859471,126.92282044301,2.0
동명생활경영고등학교,37.6144187859471,126.92282044301,2.0
동명생활경영고등학교,37.6144187859471,126.92282044301,2.0
동명생활경영고등학교,37.6144187859471,126.92282044301,2.0
단국대학교사범대학부속고등학교,37.4956174948977,127.057768228297,1.0
단국대학교사범대학부속고등학교,37.4956174948977,127.057768228297,1.0
단국대학교사범대학부속고등학교,37.4956174948977,127.057768228297,1.0
단국대학교사범대학부속고등학교,37.4956174948977,127.057768228297,1.0
단국대학교사범대학부속고등학교,37.4956174948977,127.057768228297,1.0
대일고등학교,37.5394886976531,126.863403109826,2.0
대일고등학교,37.5394886976531,126.863403109826,2.0
대일고등학교,37.5394886976531,126.863403109826,1.0
대일고등학교,37.5394886976531,126.863403109826,1.0
대일고등학교,37.5394886976531,126.863403109826,1.0
은평메디텍고등학교,37.6353465248875,126.929704776155,2.0
은평메디텍고등학교,37.6353465248875,126.929704776155,2.0
은평메디텍고등학교,37.6353465248875,126.929704776155,2.0
은평메디텍고등학교,37.6353465248875,126.929704776155,2.0
은평메디텍고등학교,37.6353465248875,126.929704776155,2.0
수도여자고등학교,37.4928014552579,126.914907105304,2.0
수도여자고등학교,37.4928014552579,126.914907105304,2.0
수도여자고등학교,37.4928014552579,126.914907105304,2.0
수도여자고등학교,37.4928014552579,126.914907105304,2.0
수도여자고등학교,37.4928014552579,126.914907105304,2.0
은광여자고등학교,37.4883484513575,127.035021467585,1.0
은광여자고등학교,37.4883484513575,127.035021467585,1.0
은광여자고등학교,37.4883484513575,127.035021467585,1.0
은광여자고등학교,37.4883484513575,127.035021467585,1.0
은광여자고등학교,37.4883484513575,127.035021467585,1.0
영신고등학교,37.4981009442437,126.909739022671,2.0
영신고등학교,37.4981009442437,126.909739022671,2.0
영신고등학교,37.4981009442437,126.909739022671,2.0
영신고등학교,37.4981009442437,126.909739022671,2.0
영신고등학교,37.4981009442437,126.909739022671,2.0
영신고등학교,37.4981009442437,126.909739022671,2.0
영신고등학교,37.4981009442437,126.909739022671,2.0
영신고등학교,37.4981009442437,126.909739022671,2.0
영신고등학교,37.4981009442437,126.909739022671,2.0
영신고등학교,37.4981009442437,126.909739022671,2.0
잠실여자고등학교,37.5017941334924,127.114241325581,1.0
잠실여자고등학교,37.5017941334924,127.114241325581,1.0
잠실여자고등학교,37.5017941334924,127.114241325581,1.0
잠실여자고등학교,37.5017941334924,127.114241325581,1.0
잠실여자고등학교,37.5017941334924,127.114241325581,1.0
성수고등학교,37.5473418143935,127.038253431317,2.0
성수고등학교,37.5473418143935,127.038253431317,2.0
성수고등학교,37.5473418143935,127.038253431317,2.0
성수고등학교,37.5473418143935,127.038253431317,2.0
성수고등학교,37.5473418143935,127.038253431317,2.0
성수고등학교,37.5473418143935,127.038253431317,2.0
성수고등학교,37.5473418143935,127.038253431317,2.0
성수고등학교,37.5473418143935,127.038253431317,2.0
성수고등학교,37.5473418143935,127.038253431317,2.0
성수고등학교,37.5473418143935,127.038253431317,2.0
재현고등학교,37.6612906377296,127.080799772038,0.0
재현고등학교,37.6612906377296,127.080799772038,1.0
재현고등학교,37.6612906377296,127.080799772038,0.0
재현고등학교,37.6612906377296,127.080799772038,0.0
재현고등학교,37.6612906377296,127.080799772038,0.0
영등포공업고등학교,37.5698356164942,126.850028274704,2.0
영등포공업고등학교,37.5698356164942,126.850028274704,2.0
영등포공업고등학교,37.5698356164942,126.850028274704,2.0
영등포공업고등학교,37.5698356164942,126.850028274704,2.0
영등포공업고등학교,37.5698356164942,126.850028274704,2.0
광신방송예술고등학교,37.4644762024804,126.925940565455,2.0
광신방송예술고등학교,37.4644762024804,126.925940565455,2.0
광신방송예술고등학교,37.4644762024804,126.925940565455,2.0
광신방송예술고등학교,37.4644762024804,126.925940565455,2.0
광신방송예술고등학교,37.4644762024804,126.925940565455,2.0
대원여자고등학교,37.5624502219725,127.089376716312,1.0
대원여자고등학교,37.5624502219725,127.089376716312,1.0
대원여자고등학교,37.5624502219725,127.089376716312,1.0
대원여자고등학교,37.5624502219725,127.089376716312,1.0
대원여자고등학교,37.5624502219725,127.089376716312,1.0
용산철도고등학교,37.5243416742733,126.967358069696,2.0
용산철도고등학교,37.5243416742733,126.967358069696,2.0
용산철도고등학교,37.5243416742733,126.967358069696,2.0
용산철도고등학교,37.5243416742733,126.967358069696,2.0
용산철도고등학교,37.5243416742733,126.967358069696,2.0
미림여자고등학교,37.4661018035835,126.931927855676,1.0
미림여자고등학교,37.4661018035835,126.931927855676,1.0
미림여자고등학교,37.4661018035835,126.931927855676,1.0
미림여자고등학교,37.4661018035835,126.931927855676,1.0
미림여자고등학교,37.4661018035835,126.931927855676,1.0
한강미디어고등학교,37.5393010496265,126.897109034358,2.0
한강미디어고등학교,37.5393010496265,126.897109034358,2.0
한강미디어고등학교,37.5393010496265,126.897109034358,2.0
한강미디어고등학교,37.5393010496265,126.897109034358,2.0
한강미디어고등학교,37.5393010496265,126.897109034358,2.0
이화여자외국어고등학교,37.5655773233848,126.969641663889,1.0
이화여자외국어고등학교,37.5655773233848,126.969641663889,1.0
이화여자외국어고등학교,37.5655773233848,126.969641663889,1.0
이화여자외국어고등학교,37.5655773233848,126.969641663889,1.0
이화여자외국어고등학교,37.5655773233848,126.969641663889,1.0
숭실고등학교,37.5932748232178,126.902403937432,1.0
숭실고등학교,37.5932748232178,126.902403937432,1.0
숭실고등학교,37.5932748232178,126.902403937432,1.0
숭실고등학교,37.5932748232178,126.902403937432,1.0
숭실고등학교,37.5932748232178,126.902403937432,1.0
경기상업고등학교,37.5892585316989,126.970057092906,2.0
경기상업고등학교,37.5892585316989,126.970057092906,2.0
경기상업고등학교,37.5892585316989,126.970057092906,2.0
경기상업고등학교,37.5892585316989,126.970057092906,2.0
경기상업고등학교,37.5892585316989,126.970057092906,2.0
화곡보건경영고등학교,37.5484055955739,126.832657307166,2.0
화곡보건경영고등학교,37.5484055955739,126.832657307166,2.0
화곡보건경영고등학교,37.5484055955739,126.832657307166,2.0
화곡보건경영고등학교,37.5484055955739,126.832657307166,2.0
화곡보건경영고등학교,37.5484055955739,126.832657307166,2.0
신일고등학교,37.627967222367,127.028403050284,1.0
신일고등학교,37.627967222367,127.028403050284,1.0
신일고등학교,37.627967222367,127.028403050284,1.0
신일고등학교,37.627967222367,127.028403050284,1.0
신일고등학교,37.627967222367,127.028403050284,1.0
영등포고등학교,37.5080854131193,126.933143709837,1.0
영등포고등학교,37.5080854131193,126.933143709837,1.0
영등포고등학교,37.5080854131193,126.933143709837,1.0
영등포고등학교,37.5080854131193,126.933143709837,1.0
영등포고등학교,37.5080854131193,126.933143709837,1.0
금천고등학교,37.4448950223082,126.904901769267,2.0
금천고등학교,37.4448950223082,126.904901769267,2.0
금천고등학교,37.4448950223082,126.904901769267,2.0
금천고등학교,37.4448950223082,126.904901769267,2.0
금천고등학교,37.4448950223082,126.904901769267,2.0
금천고등학교,37.4448950223082,126.904901769267,2.0
금천고등학교,37.4448950223082,126.904901769267,2.0
금천고등학교,37.4448950223082,126.904901769267,2.0
금천고등학교,37.4448950223082,126.904901769267,2.0
금천고등학교,37.4448950223082,126.904901769267,2.0
금천고등학교,37.4448950223082,126.904901769267,2.0
금천고등학교,37.4448950223082,126.904901769267,2.0
금천고등학교,37.4448950223082,126.904901769267,2.0
금천고등학교,37.4448950223082,126.904901769267,2.0
금천고등학교,37.4448950223082,126.904901769267,2.0
삼각산고등학교,37.6162857334914,127.020107911458,2.0
삼각산고등학교,37.6162857334914,127.020107911458,2.0
삼각산고등학교,37.6162857334914,127.020107911458,2.0
삼각산고등학교,37.6162857334914,127.020107911458,2.0
삼각산고등학교,37.6162857334914,127.020107911458,2.0
휘경여자고등학교,37.5819005156881,127.067434080061,0.0
휘경여자고등학교,37.5819005156881,127.067434080061,0.0
휘경여자고등학교,37.5819005156881,127.067434080061,0.0
휘경여자고등학교,37.5819005156881,127.067434080061,0.0
휘경여자고등학교,37.5819005156881,127.067434080061,0.0
서울여자고등학교,37.5478000312208,126.94902525222,1.0
서울여자고등학교,37.5478000312208,126.94902525222,1.0
서울여자고등학교,37.5478000312208,126.94902525222,1.0
서울여자고등학교,37.5478000312208,126.94902525222,1.0
서울여자고등학교,37.5478000312208,126.94902525222,1.0
중앙대학교사범대학부속고등학교,37.4918425685769,127.05169012944,1.0
중앙대학교사범대학부속고등학교,37.4918425685769,127.05169012944,1.0
중앙대학교사범대학부속고등학교,37.4918425685769,127.05169012944,1.0
중앙대학교사범대학부속고등학교,37.4918425685769,127.05169012944,1.0
중앙대학교사범대학부속고등학교,37.4918425685769,127.05169012944,1.0
경희여자고등학교,37.5939491407769,127.054890960564,1.0
경희여자고등학교,37.5939491407769,127.054890960564,1.0
경희여자고등학교,37.5939491407769,127.054890960564,1.0
경희여자고등학교,37.5939491407769,127.054890960564,1.0
경희여자고등학교,37.5939491407769,127.054890960564,1.0
한영고등학교,37.5490844724681,127.156927612469,1.0
한영고등학교,37.5490844724681,127.156927612469,1.0
한영고등학교,37.5490844724681,127.156927612469,1.0
한영고등학교,37.5490844724681,127.156927612469,1.0
한영고등학교,37.5490844724681,127.156927612469,1.0
한영고등학교,37.5490844724681,127.156927612469,1.0
한영고등학교,37.5490844724681,127.156927612469,1.0
한영고등학교,37.5490844724681,127.156927612469,1.0
한영고등학교,37.5490844724681,127.156927612469,1.0
한영고등학교,37.5490844724681,127.156927612469,1.0
중경고등학교,37.5176803956953,126.975638256286,1.0
중경고등학교,37.5176803956953,126.975638256286,1.0
중경고등학교,37.5176803956953,126.975638256286,1.0
중경고등학교,37.5176803956953,126.975638256286,1.0
중경고등학교,37.5176803956953,126.975638256286,1.0
수락고등학교,37.6829077650293,127.053570991513,2.0
수락고등학교,37.6829077650293,127.053570991513,2.0
수락고등학교,37.6829077650293,127.053570991513,2.0
수락고등학교,37.6829077650293,127.053570991513,2.0
수락고등학교,37.6829077650293,127.053570991513,2.0
양재고등학교,37.4824216431127,127.032079625373,1.0
양재고등학교,37.4824216431127,127.032079625373,1.0
양재고등학교,37.4824216431127,127.032079625373,1.0
양재고등학교,37.4824216431127,127.032079625373,1.0
양재고등학교,37.4824216431127,127.032079625373,1.0
혜성여자고등학교,37.6405502075269,127.073619657657,2.0
혜성여자고등학교,37.6405502075269,127.073619657657,2.0
혜성여자고등학교,37.6405502075269,127.073619657657,2.0
혜성여자고등학교,37.6405502075269,127.073619657657,2.0
혜성여자고등학교,37.6405502075269,127.073619657657,2.0
성암국제무역고등학교,37.6204135324231,127.023905892641,2.0
성암국제무역고등학교,37.6204135324231,127.023905892641,2.0
성암국제무역고등학교,37.6204135324231,127.023905892641,2.0
성암국제무역고등학교,37.6204135324231,127.023905892641,2.0
성암국제무역고등학교,37.6204135324231,127.023905892641,2.0
문현고등학교,37.4813135489878,127.128762268141,2.0
문현고등학교,37.4813135489878,127.128762268141,2.0
문현고등학교,37.4813135489878,127.128762268141,2.0
문현고등학교,37.4813135489878,127.128762268141,2.0
문현고등학교,37.4813135489878,127.128762268141,2.0
문현고등학교,37.4813135489878,127.128762268141,2.0
문현고등학교,37.4813135489878,127.128762268141,2.0
문현고등학교,37.4813135489878,127.128762268141,2.0
문현고등학교,37.4813135489878,127.128762268141,2.0
문현고등학교,37.4813135489878,127.128762268141,2.0
창문여자고등학교,37.6134009168268,127.035828005248,1.0
창문여자고등학교,37.6134009168268,127.035828005248,1.0
창문여자고등학교,37.6134009168268,127.035828005248,1.0
창문여자고등학교,37.6134009168268,127.035828005248,1.0
창문여자고등학교,37.6134009168268,127.035828005248,1.0
영일고등학교,37.5472872620345,126.86205890011,1.0
영일고등학교,37.5472872620345,126.86205890011,1.0
영일고등학교,37.5472872620345,126.86205890011,1.0
영일고등학교,37.5472872620345,126.86205890011,1.0
영일고등학교,37.5472872620345,126.86205890011,1.0
영일고등학교,37.5472872620345,126.86205890011,1.0
영일고등학교,37.5472872620345,126.86205890011,1.0
영일고등학교,37.5472872620345,126.86205890011,1.0
영일고등학교,37.5472872620345,126.86205890011,1.0
영일고등학교,37.5472872620345,126.86205890011,1.0
대광고등학교,37.5779546698355,127.025323479801,1.0
대광고등학교,37.5779546698355,127.025323479801,1.0
대광고등학교,37.5779546698355,127.025323479801,1.0
대광고등학교,37.5779546698355,127.025323479801,1.0
대광고등학교,37.5779546698355,127.025323479801,1.0
대광고등학교,37.5779546698355,127.025323479801,1.0
대광고등학교,37.5779546698355,127.025323479801,1.0
대광고등학교,37.5779546698355,127.025323479801,1.0
대광고등학교,37.5779546698355,127.025323479801,1.0
대광고등학교,37.5779546698355,127.025323479801,1.0
서울의료보건고등학교,37.5573014220873,126.966720436586,2.0
서울의료보건고등학교,37.5573014220873,126.966720436586,2.0
서울의료보건고등학교,37.5573014220873,126.966720436586,2.0
서울의료보건고등학교,37.5573014220873,126.966720436586,2.0
서울의료보건고등학교,37.5573014220873,126.966720436586,2.0
공항고등학교,37.5704610944881,126.81851983357,2.0
공항고등학교,37.5704610944881,126.81851983357,2.0
공항고등학교,37.5704610944881,126.81851983357,2.0
공항고등학교,37.5704610944881,126.81851983357,2.0
공항고등학교,37.5704610944881,126.81851983357,2.0
서울문화고등학교,37.6641314270343,127.047285814495,2.0
서울문화고등학교,37.6641314270343,127.047285814495,2.0
서울문화고등학교,37.6641314270343,127.047285814495,2.0
서울문화고등학교,37.6641314270343,127.047285814495,2.0
서울문화고등학교,37.6641314270343,127.047285814495,2.0
덕수고등학교,37.4855916213524,127.1470595726,2.0
덕수고등학교,37.4855916213524,127.1470595726,2.0
덕수고등학교,37.4855916213524,127.1470595726,2.0
덕수고등학교,37.4855916213524,127.1470595726,2.0
덕수고등학교,37.4855916213524,127.1470595726,2.0
성심여자고등학교,37.534209370461,126.95459335968,2.0
성심여자고등학교,37.534209370461,126.95459335968,2.0
성심여자고등학교,37.534209370461,126.95459335968,2.0
성심여자고등학교,37.534209370461,126.95459335968,2.0
성심여자고등학교,37.534209370461,126.95459335968,2.0
성동고등학교,37.5641621970073,127.022389203196,0.0
성동고등학교,37.5641621970073,127.022389203196,0.0
성동고등학교,37.5641621970073,127.022389203196,0.0
성동고등학교,37.5641621970073,127.022389203196,0.0
성동고등학교,37.5641621970073,127.022389203196,0.0
건국대학교사범대학부속고등학교,37.539182674872,127.074711902268,1.0
건국대학교사범대학부속고등학교,37.539182674872,127.074711902268,1.0
건국대학교사범대학부속고등학교,37.539182674872,127.074711902268,1.0
건국대학교사범대학부속고등학교,37.539182674872,127.074711902268,1.0
건국대학교사범대학부속고등학교,37.539182674872,127.074711902268,1.0
서울대학교사범대학부설고등학교,37.594723843967,127.038120392429,0.0
서울대학교사범대학부설고등학교,37.594723843967,127.038120392429,0.0
서울대학교사범대학부설고등학교,37.594723843967,127.038120392429,0.0
서울대학교사범대학부설고등학교,37.594723843967,127.038120392429,0.0
서울대학교사범대학부설고등학교,37.594723843967,127.038120392429,0.0
세화고등학교,37.5019964569165,126.994230013893,1.0
세화고등학교,37.5019964569165,126.994230013893,1.0
세화고등학교,37.5019964569165,126.994230013893,1.0
세화고등학교,37.5019964569165,126.994230013893,1.0
세화고등학교,37.5019964569165,126.994230013893,1.0
세화고등학교,37.5019964569165,126.994230013893,1.0
세화고등학교,37.5019964569165,126.994230013893,1.0
세화고등학교,37.5019964569165,126.994230013893,1.0
세화고등학교,37.5019964569165,126.994230013893,1.0
세화고등학교,37.5019964569165,126.994230013893,1.0
세화고등학교,37.5019964569165,126.994230013893,1.0
세화고등학교,37.5019964569165,126.994230013893,1.0
세화고등학교,37.5019964569165,126.994230013893,1.0
세화고등학교,37.5019964569165,126.994230013893,1.0
세화고등학교,37.5019964569165,126.994230013893,1.0
구일고등학교,37.4935052933826,126.874618469825,2.0
구일고등학교,37.4935052933826,126.874618469825,2.0
구일고등학교,37.4935052933826,126.874618469825,2.0
구일고등학교,37.4935052933826,126.874618469825,2.0
구일고등학교,37.4935052933826,126.874618469825,2.0
당곡고등학교,37.4917603442825,126.934246405052,2.0
당곡고등학교,37.4917603442825,126.934246405052,2.0
당곡고등학교,37.4917603442825,126.934246405052,2.0
당곡고등학교,37.4917603442825,126.934246405052,2.0
당곡고등학교,37.4917603442825,126.934246405052,2.0
해성국제컨벤션고등학교,37.5818725994505,127.056976879173,2.0
해성국제컨벤션고등학교,37.5818725994505,127.056976879173,2.0
해성국제컨벤션고등학교,37.5818725994505,127.056976879173,2.0
해성국제컨벤션고등학교,37.5818725994505,127.056976879173,2.0
해성국제컨벤션고등학교,37.5818725994505,127.056976879173,2.0
혜원여자고등학교,37.5932798745236,127.097042711299,1.0
혜원여자고등학교,37.5932798745236,127.097042711299,1.0
혜원여자고등학교,37.5932798745236,127.097042711299,1.0
혜원여자고등학교,37.5932798745236,127.097042711299,1.0
혜원여자고등학교,37.5932798745236,127.097042711299,1.0
석관고등학교,37.6095892871169,127.066717588798,2.0
석관고등학교,37.6095892871169,127.066717588798,2.0
석관고등학교,37.6095892871169,127.066717588798,2.0
석관고등학교,37.6095892871169,127.066717588798,2.0
석관고등학교,37.6095892871169,127.066717588798,2.0
대경생활과학고등학교,37.5563732600255,127.016979156363,2.0
대경생활과학고등학교,37.5563732600255,127.016979156363,2.0
대경생활과학고등학교,37.5563732600255,127.016979156363,2.0
대경생활과학고등학교,37.5563732600255,127.016979156363,2.0
대경생활과학고등학교,37.5563732600255,127.016979156363,2.0
오류고등학교,37.5003550678039,126.827683012604,2.0
오류고등학교,37.5003550678039,126.827683012604,2.0
오류고등학교,37.5003550678039,126.827683012604,2.0
오류고등학교,37.5003550678039,126.827683012604,2.0
오류고등학교,37.5003550678039,126.827683012604,2.0
노원고등학교,37.6618031933787,127.054019473757,1.0
노원고등학교,37.6618031933787,127.054019473757,1.0
노원고등학교,37.6618031933787,127.054019473757,1.0
노원고등학교,37.6618031933787,127.054019473757,1.0
노원고등학교,37.6618031933787,127.054019473757,1.0
동성고등학교,37.5849699592551,127.003097645534,0.0
동성고등학교,37.5849699592551,127.003097645534,0.0
동성고등학교,37.5849699592551,127.003097645534,0.0
동성고등학교,37.5849699592551,127.003097645534,0.0
동성고등학교,37.5849699592551,127.003097645534,1.0
동성고등학교,37.5849699592551,127.003097645534,0.0
동북고등학교,37.5202406144077,127.139450654266,1.0
동북고등학교,37.5202406144077,127.139450654266,1.0
동북고등학교,37.5202406144077,127.139450654266,1.0
동북고등학교,37.5202406144077,127.139450654266,1.0
동북고등학교,37.5202406144077,127.139450654266,1.0
상일미디어고등학교,37.5485874781342,127.170823536325,2.0
상일미디어고등학교,37.5485874781342,127.170823536325,2.0
상일미디어고등학교,37.5485874781342,127.170823536325,2.0
상일미디어고등학교,37.5485874781342,127.170823536325,2.0
상일미디어고등학교,37.5485874781342,127.170823536325,2.0
창동고등학교,37.6510357712645,127.038819095625,1.0
창동고등학교,37.6510357712645,127.038819095625,1.0
창동고등학교,37.6510357712645,127.038819095625,1.0
창동고등학교,37.6510357712645,127.038819095625,1.0
창동고등학교,37.6510357712645,127.038819095625,1.0
서문여자고등학교,37.4889197255873,126.984545759343,1.0
서문여자고등학교,37.4889197255873,126.984545759343,1.0
서문여자고등학교,37.4889197255873,126.984545759343,1.0
서문여자고등학교,37.4889197255873,126.984545759343,1.0
서문여자고등학교,37.4889197255873,126.984545759343,1.0
한국삼육고등학교,37.643357369067,127.108850343184,1.0
한국삼육고등학교,37.643357369067,127.108850343184,1.0
한국삼육고등학교,37.643357369067,127.108850343184,1.0
한국삼육고등학교,37.643357369067,127.108850343184,1.0
한국삼육고등학교,37.643357369067,127.108850343184,1.0
신광여자고등학교,37.5428998795519,126.969447523164,2.0
신광여자고등학교,37.5428998795519,126.969447523164,2.0
신광여자고등학교,37.5428998795519,126.969447523164,2.0
신광여자고등학교,37.5428998795519,126.969447523164,2.0
신광여자고등학교,37.5428998795519,126.969447523164,2.0
동일여자고등학교,37.4519206711218,126.915824008297,1.0
동일여자고등학교,37.4519206711218,126.915824008297,1.0
동일여자고등학교,37.4519206711218,126.915824008297,1.0
동일여자고등학교,37.4519206711218,126.915824008297,1.0
동일여자고등학교,37.4519206711218,126.915824008297,1.0
